topic,label,funny,topic,labe,JawDropping,topic,label,Ingenious,topic,label,Inspiring,topic,label,Beautiful,topic,label,Persuasive,topic,label,Courageous,topic,label,Longwinded,topic,label,Informative,topic,label,Fascinating,,,,
Comedy,1,0.6,Moon,4,0.6,Pandemic,4,0.6,Failure,0,0.714285714,Composing,1,0.714285714,Debate,2,0.6,Yesallwomen,2,0.789473684,Mobility,3,0.6,Privacy,4,0.714285714,Neurology,0,0.818181818,,,,Advertising
Consumerism,2,0.6,Surgery,4,0.6,Disaster relief,3,0.6,Disability,0,0.714285714,Violin,1,0.692307692,Military,2,0.428571429,Spoken word,1,0.714285714,New York,1,0.555555556,Security,4,0.636363636,Monkeys,0,0.714285714,,,,Africa
Dance,1,0.6,Microsoft,4,0.6,Virus,4,0.555555556,Goal-setting,0,0.692307692,Guitar,1,0.692307692,Oceans,4,0.428571429,Journalism,2,0.714285714,Architecture,3,0.466666667,Heart health,4,0.636363636,Big bang,4,0.6,,,,Agriculture
Brand,1,0.6,Apes,4,0.6,Development,2,0.538461538,Peace,2,0.692307692,Nanoscale,4,0.6,Foreign Policy,2,0.428571429,Personal growth,0,0.692307692,MacArthur grant,4,0.428571429,Advertising,2,0.6,Biomechanics,4,0.6,,,,AI
Books,3,0.6,Demo,4,0.428571429,Toy,4,0.523809524,Personal growth,0,0.692307692,Children,3,0.555555556,Democracy,2,0.411764706,Corruption,2,0.636363636,Human origins,4,0.333333333,Birds,3,0.6,Jazz,1,0.6,,,,AIDS
Humor,1,0.555555556,Wunderkind,1,0.428571429,Water,3,0.523809524,Yesallwomen,2,0.684210526,Live music,1,0.542857143,Biotech,4,0.333333333,Depression,0,0.636363636,Interview,1,0.333333333,Crime,2,0.6,Nanoscale,4,0.6,,,,Aircraft
Vocals,1,0.428571429,Google,2,0.333333333,Materials,4,0.466666667,Success,0,0.636363636,Singer,1,0.538461538,Protests,2,0.333333333,Speech,4,0.454545455,Race,1,0.333333333,Finance,2,0.6,Planets,4,0.6,,,,Algorithm
Memory,1,0.428571429,Illusion,1,0.333333333,MacArthur grant,4,0.428571429,Entrepreneur,2,0.636363636,Piano,1,0.44,God,0,0.272727273,Pain,0,0.428571429,Genetics,4,0.272727273,Mind,0,0.6,Smell,4,0.6,,,,Animals
Performance art,1,0.428571429,Deextinction,4,0.272727273,Drones,4,0.428571429,Motivation,0,0.636363636,Pain,0,0.428571429,World cultures,2,0.272727273,Fashion,0,0.428571429,Entrepreneur,2,0.272727273,Statistics,2,0.538461538,Botany,3,0.555555556,,,,Anthropology
Time,4,0.384615385,Interface design,4,0.263157895,Technology,4,0.428571429,Women in business,2,0.6,Foreign Policy,2,0.428571429,Behavioral economics,0,0.272727273,Military,2,0.428571429,Telecom,2,0.230769231,Inequality,2,0.466666667,Physics,4,0.555555556,,,,Ants
Sex,3,0.384615385,Violin,1,0.230769231,Illness,4,0.428571429,Chautauqua,0,0.6,Vocals,1,0.428571429,Economics,2,0.259259259,Law,2,0.428571429,Peace,2,0.230769231,Urban planning,3,0.454545455,Consciousness,0,0.523809524,,,,Apes
Fear,0,0.333333333,Magic,1,0.230769231,Exploration,4,0.428571429,Finance,2,0.6,Memory,1,0.428571429,Mission blue,4,0.24137931,Egypt,2,0.428571429,Social change,2,0.212121212,Ants,3,0.428571429,Animals,4,0.481481481,,,,Architecture
Iran,2,0.333333333,Mind,0,0.2,Algorithm,4,0.428571429,Charter for compassion,0,0.6,Glacier,1,0.428571429,Environment,3,0.238095238,Violence,2,0.428571429,Hack,4,0.2,Military,2,0.428571429,String theory,4,0.473684211,,,,Art
Typography,1,0.272727273,Mobility,3,0.2,Shopping,2,0.428571429,Meditation,0,0.6,Spoken word,1,0.428571429,Universe,4,0.230769231,Goal-setting,0,0.384615385,Iraq,2,0.2,Monkeys,0,0.428571429,Computers,4,0.466666667,,,,Arts
Atheism,0,0.272727273,Nanoscale,4,0.2,Engineering,4,0.384615385,Skateboarding,4,0.6,Nature,3,0.411764706,Insects,3,0.230769231,Peace,2,0.384615385,Jazz,1,0.2,Oceans,4,0.428571429,#N/A,4,0.454545455,,,,Asia
Data,4,0.272727273,NASA,4,0.2,Senses,4,0.384615385,TED Prize,3,0.6,Performance,1,0.405405405,Senses,4,0.230769231,State-building,2,0.384615385,Marketing,2,0.2,Pain,0,0.428571429,Deextinction,4,0.454545455,,,,Astronomy
Feminism,2,0.272727273,Big bang,4,0.2,Vaccines,4,0.384615385,Aircraft,4,0.6,Bees,3,0.333333333,State-building,2,0.230769231,China,2,0.333333333,Apes,4,0.2,Illness,4,0.428571429,Genetics,4,0.454545455,,,,Atheism
Relationships,0,0.272727273,Nuclear energy,4,0.2,Invention,4,0.379310345,Empathy,0,0.6,Botany,3,0.333333333,TEDBooks,4,0.230769231,Islam,2,0.333333333,Meditation,0,0.2,Insects,3,0.384615385,Algorithm,4,0.428571429,,,,Bees
Performance,1,0.243243243,Nuclear weapons,3,0.2,Energy,3,0.368421053,Leadership,0,0.555555556,Arts,1,0.333333333,Faith,0,0.2,Trafficking,2,0.333333333,Microsoft,4,0.2,Telecom,2,0.384615385,Exploration,4,0.428571429,,,,Behavioral economics
Software,4,0.238095238,Chautauqua,0,0.2,Interface design,4,0.368421053,Children,3,0.555555556,Music,1,0.333333333,Finance,2,0.2,Extreme sports,0,0.333333333,Charter for compassion,0,0.2,Neuroscience,0,0.384615385,MacArthur grant,4,0.428571429,,,,Big bang
Singer,1,0.230769231,Crime,2,0.2,Urban planning,3,0.333333333,Extreme sports,0,0.555555556,Poetry,1,0.297297297,Future,3,0.2,AIDS,2,0.333333333,Consumerism,2,0.2,Obesity,3,0.384615385,Oceans,4,0.428571429,,,,Biodiversity
Statistics,2,0.230769231,Open-source,4,0.2,Biomechanics,4,0.333333333,Primates,3,0.555555556,World cultures,2,0.272727273,Hack,4,0.2,Fear,0,0.333333333,Mind,0,0.2,Vaccines,4,0.384615385,Biology,4,0.414634146,,,,Biology
Magic,1,0.230769231,Books,3,0.2,Solar energy,3,0.333333333,Interview,1,0.555555556,Conducting,1,0.272727273,Inequality,2,0.2,Mental health,0,0.333333333,Books,3,0.2,Sex,3,0.384615385,Morality,0,0.384615385,,,,Biomechanics
Entertainment,1,0.219512195,Choice,0,0.2,New York,1,0.333333333,Student,3,0.555555556,Weather,3,0.272727273,Investment,2,0.2,Iraq,2,0.333333333,Chautauqua,0,0.2,Bees,3,0.333333333,Time,4,0.384615385,,,,Biosphere
Disaster relief,3,0.2,Origami,1,0.2,Africa,2,0.333333333,Women,2,0.538461538,Deextinction,4,0.272727273,Book,1,0.2,Prosthetics,4,0.333333333,Moon,4,0.2,Natural disaster,3,0.333333333,Brain,0,0.358490566,,,,Biotech
Empathy,0,0.2,Pandemic,4,0.2,Sight,4,0.333333333,Poverty,2,0.523809524,Typography,1,0.272727273,Cloud,4,0.2,Film,1,0.304347826,Nanoscale,4,0.2,Biodiversity,3,0.333333333,Astronomy,4,0.333333333,,,,Birds
Epidemiology,4,0.2,Planets,4,0.2,TED Fellows,4,0.317073171,Iraq,2,0.466666667,Photography,1,0.234042553,Jazz,1,0.2,Sports,0,0.304347826,NASA,4,0.2,Astronomy,4,0.333333333,Biotech,4,0.333333333,,,,Book
Faith,0,0.2,Cello,1,0.2,Food,3,0.294117647,Money,2,0.466666667,Play,4,0.230769231,Anthropology,0,0.2,Politics,2,0.282051282,Cello,1,0.2,China,2,0.333333333,Evolution,4,0.333333333,,,,Books
Finance,2,0.2,Policy,2,0.2,Energy,3,0.272727273,Parenting,0,0.466666667,Online video,1,0.217391304,Books,3,0.2,Asia,2,0.272727273,Nuclear energy,4,0.2,Computers,4,0.333333333,Human origins,4,0.333333333,,,,Botany
Hack,4,0.2,Population,0,0.2,Plastic,3,0.272727273,Prosthetics,4,0.466666667,Comedy,1,0.2,Math,4,0.2,Terrorism,2,0.272727273,Nuclear weapons,3,0.2,Marketing,2,0.333333333,Paleontology,4,0.333333333,,,,Brain
Agriculture,3,0.2,Robots,4,0.2,Urban planning,3,0.272727273,Feminism,2,0.454545455,Consumerism,2,0.2,Meditation,0,0.2,Biosphere,3,0.272727273,Origami,1,0.2,Google,2,0.333333333,Sound,4,0.333333333,,,,Brand
Book,1,0.2,Rocket science,4,0.2,Sustainability,3,0.234042553,World cultures,2,0.454545455,Cosmos,4,0.2,Microsoft,4,0.2,God,0,0.272727273,Pandemic,4,0.2,Wikipedia,0,0.333333333,Microbiology,4,0.294117647,,,,Brazil
Illusion,1,0.2,Skateboarding,4,0.2,Innovation,4,0.230769231,Depression,0,0.454545455,Crime,2,0.2,Birds,3,0.2,War,2,0.268292683,Policy,2,0.2,Paleontology,4,0.333333333,Behavioral economics,0,0.272727273,,,,Business
Aircraft,4,0.2,Smell,4,0.2,Telecom,2,0.230769231,Industrial design,4,0.454545455,Curiosity,4,0.2,Mind,0,0.2,Pollution,3,0.230769231,Population,0,0.2,Human origins,4,0.333333333,Security,4,0.272727273,,,,Cancer
Jazz,1,0.2,United States,1,0.2,Health care,4,0.223880597,God,0,0.454545455,Cyborg,4,0.2,Mobility,3,0.2,LGBT,0,0.230769231,Rocket science,4,0.2,AIDS,2,0.333333333,Science,4,0.263157895,,,,Cars
Math,4,0.2,Agriculture,3,0.2,Design,4,0.219512195,Conducting,1,0.454545455,Anthropology,0,0.2,Moon,4,0.2,Development,2,0.230769231,Skateboarding,4,0.2,Internet,4,0.304347826,Trees,3,0.263157895,,,,Cello
Meditation,0,0.2,AI,4,0.2,Online video,1,0.217391304,Speech,4,0.454545455,Dance,1,0.2,Nanoscale,4,0.2,Life,4,0.230769231,Agriculture,3,0.2,Microbiology,4,0.294117647,DNA,4,0.230769231,,,,Charter for compassion
Advertising,2,0.2,Aircraft,4,0.2,Product design,4,0.217391304,Youth,0,0.44,Debate,2,0.2,NASA,4,0.2,Social change,2,0.212121212,Smell,4,0.2,Behavioral economics,0,0.272727273,Engineering,4,0.230769231,,,,Chautauqua
Microsoft,4,0.2,Debate,2,0.2,Big bang,4,0.2,Men,2,0.428571429,Dinosaurs,4,0.2,Nuclear energy,4,0.2,Book,1,0.2,Surgery,4,0.2,#N/A,4,0.272727273,Extraterrestrial life,4,0.230769231,,,,Children
Mind,0,0.2,Dinosaurs,4,0.2,Biodiversity,3,0.2,Middle East,2,0.428571429,Disaster relief,3,0.2,Nuclear weapons,3,0.2,Books,3,0.2,United States,1,0.2,Weather,3,0.272727273,Insects,3,0.230769231,,,,China
Mobility,3,0.2,Cloud,4,0.2,Birds,3,0.2,Military,2,0.428571429,Empathy,0,0.2,Origami,1,0.2,Brand,1,0.2,AI,4,0.2,Data,4,0.272727273,Magic,1,0.230769231,,,,Choice
Moon,4,0.2,Biomechanics,4,0.2,Book,1,0.2,News,2,0.428571429,Epidemiology,4,0.2,Pandemic,4,0.2,Brazil,3,0.2,Aircraft,4,0.2,Deextinction,4,0.272727273,Neuroscience,0,0.230769231,,,,Christianity
Nanoscale,4,0.2,Disaster relief,3,0.2,Books,3,0.2,Pain,0,0.428571429,Finance,2,0.2,Policy,2,0.2,Cancer,4,0.2,Cyborg,4,0.2,Garden,3,0.272727273,Universe,4,0.230769231,,,,Cities
NASA,4,0.2,Anthropology,0,0.2,Brand,1,0.2,Performance art,1,0.428571429,Hack,4,0.2,Population,0,0.2,Cello,1,0.2,Dance,1,0.2,Industrial design,4,0.272727273,Visualizations,4,0.219512195,,,,Climate change
Nuclear energy,4,0.2,Meditation,0,0.2,Brazil,3,0.2,Religion,0,0.428571429,Jazz,1,0.2,Rocket science,4,0.2,Chautauqua,0,0.2,Choice,0,0.2,Speech,4,0.272727273,History,1,0.217391304,,,,Cloud
Nuclear weapons,3,0.2,Cognitive science,0,0.2,Cancer,4,0.2,Spoken word,1,0.428571429,Meditation,0,0.2,Skateboarding,4,0.2,Choice,0,0.2,Big bang,4,0.2,Social media,2,0.263157895,Advertising,2,0.2,,,,Cognitive science
Origami,1,0.2,Empathy,0,0.2,Cello,1,0.2,Storytelling,1,0.428571429,Microsoft,4,0.2,Smell,4,0.2,Cloud,4,0.2,Debate,2,0.2,Mission blue,4,0.24137931,Agriculture,3,0.2,,,,Comedy
Pandemic,4,0.2,Birds,3,0.2,Chautauqua,0,0.2,Community,0,0.428571429,Mind,0,0.2,Surgery,4,0.2,Cognitive science,0,0.2,Anthropology,0,0.2,Law,2,0.238095238,AI,4,0.2,,,,Communication
Piano,1,0.2,Epidemiology,4,0.2,Choice,0,0.2,Memory,1,0.428571429,Mobility,3,0.2,United States,1,0.2,Comedy,1,0.2,Future,3,0.2,Water,3,0.238095238,Aircraft,4,0.2,,,,Community
Policy,2,0.2,Cosmos,4,0.2,Cloud,4,0.2,Death,0,0.428571429,Money,2,0.2,Cosmos,4,0.2,Consumerism,2,0.2,Cloud,4,0.2,DNA,4,0.230769231,Anthropology,0,0.2,,,,Complexity
Population,0,0.2,Brand,1,0.2,Cognitive science,0,0.2,Drones,4,0.428571429,Moon,4,0.2,Crime,2,0.2,Cosmos,4,0.2,Dinosaurs,4,0.2,State-building,2,0.230769231,Apes,4,0.2,,,,Composing
Rocket science,4,0.2,Finance,2,0.2,Comedy,1,0.2,Egypt,2,0.428571429,NASA,4,0.2,Brand,1,0.2,Crime,2,0.2,Birds,3,0.2,Universe,4,0.230769231,Biodiversity,3,0.2,,,,Computers
Skateboarding,4,0.2,Book,1,0.2,Consumerism,2,0.2,Europe,2,0.428571429,Nuclear energy,4,0.2,Advertising,2,0.2,Curiosity,4,0.2,Disaster relief,3,0.2,Global issues,2,0.209302326,Birds,3,0.2,,,,Conducting
Smell,4,0.2,Comedy,1,0.2,Cosmos,4,0.2,Foreign Policy,2,0.428571429,Nuclear weapons,3,0.2,Curiosity,4,0.2,Cyborg,4,0.2,Computers,4,0.2,Brain,0,0.20754717,Book,1,0.2,,,,Consciousness
Surgery,4,0.2,Cyborg,4,0.2,Crime,2,0.2,Creativity,1,0.411764706,Origami,1,0.2,Epidemiology,4,0.2,Dance,1,0.2,Brand,1,0.2,Surgery,4,0.2,Books,3,0.2,,,,Consumerism
Choice,0,0.2,Curiosity,4,0.2,Curiosity,4,0.2,Cities,3,0.391304348,Pandemic,4,0.2,Brazil,3,0.2,Debate,2,0.2,Empathy,0,0.2,Agriculture,3,0.2,Brand,1,0.2,,,,Corruption
United States,1,0.2,Consumerism,2,0.2,Cyborg,4,0.2,Philanthropy,2,0.391304348,Policy,2,0.2,Cyborg,4,0.2,Dinosaurs,4,0.2,Book,1,0.2,Aircraft,4,0.2,Brazil,3,0.2,,,,Cosmos
Cloud,4,0.2,Advertising,2,0.2,Dance,1,0.2,Life,4,0.384615385,Book,1,0.2,Agriculture,3,0.2,Disaster relief,3,0.2,Cognitive science,0,0.2,Anthropology,0,0.2,Cello,1,0.2,,,,Creativity
Anthropology,0,0.2,Brazil,3,0.2,Debate,2,0.2,Obesity,3,0.384615385,Population,0,0.2,Dance,1,0.2,Empathy,0,0.2,Crime,2,0.2,United States,1,0.2,Chautauqua,0,0.2,,,,Crime
Cognitive science,0,0.2,Dance,1,0.2,Dinosaurs,4,0.2,TEDBooks,4,0.384615385,Books,3,0.2,Choice,0,0.2,Epidemiology,4,0.2,Cosmos,4,0.2,Apes,4,0.2,Choice,0,0.2,,,,Culture
Dinosaurs,4,0.2,Hack,4,0.2,Empathy,0,0.2,Violin,1,0.384615385,Rocket science,4,0.2,Apes,4,0.2,Finance,2,0.2,Comedy,1,0.2,Big bang,4,0.2,Cloud,4,0.2,,,,Curiosity
Apes,4,0.2,Jazz,1,0.2,Epidemiology,4,0.2,Trees,3,0.368421053,Brand,1,0.2,Dinosaurs,4,0.2,Hack,4,0.2,Advertising,2,0.2,Biomechanics,4,0.2,Cognitive science,0,0.2,,,,Cyborg
Cosmos,4,0.2,Gaming,1,0.185185185,Finance,2,0.2,Writing,1,0.361702128,Skateboarding,4,0.2,Aircraft,4,0.2,Inequality,2,0.2,Brazil,3,0.2,Book,1,0.2,Comedy,1,0.2,,,,Dance
Crime,2,0.2,Solar,3,0.142857143,Hack,4,0.2,Investment,2,0.36,Smell,4,0.2,Cello,1,0.2,Jazz,1,0.2,Curiosity,4,0.2,Books,3,0.2,Consumerism,2,0.2,,,,#N/A
Birds,3,0.2,Spoken word,1,0.142857143,Jazz,1,0.2,Africa,2,0.333333333,Cognitive science,0,0.2,Comedy,1,0.2,Meditation,0,0.2,Epidemiology,4,0.2,Brand,1,0.2,Cosmos,4,0.2,,,,Data
Curiosity,4,0.2,Technology,4,0.142857143,Meditation,0,0.2,AIDS,2,0.333333333,Brazil,3,0.2,Cognitive science,0,0.2,Microsoft,4,0.2,Finance,2,0.2,Brazil,3,0.2,Crime,2,0.2,,,,Death
Astronomy,4,0.2,Vocals,1,0.142857143,Microsoft,4,0.2,Biodiversity,3,0.333333333,Surgery,4,0.2,Chautauqua,0,0.2,Mind,0,0.2,Philosophy,0,0.176470588,Cello,1,0.2,Curiosity,4,0.2,,,,Debate
Cello,1,0.2,Algorithm,4,0.142857143,Advertising,2,0.2,Botany,3,0.333333333,Cello,1,0.2,Big bang,4,0.2,Advertising,2,0.2,Simplicity,4,0.176470588,Chautauqua,0,0.2,Cyborg,4,0.2,,,,Decision-making
Brazil,3,0.2,Ants,3,0.142857143,Mind,0,0.2,Cancer,4,0.333333333,United States,1,0.2,Consumerism,2,0.2,Mobility,3,0.2,TEDx,0,0.161290323,Choice,0,0.2,Dance,1,0.2,,,,Deextinction
Big bang,4,0.2,Cars,3,0.142857143,Mobility,3,0.2,Fear,0,0.333333333,Aircraft,4,0.2,Disaster relief,3,0.2,Moon,4,0.2,Arts,1,0.155555556,Cloud,4,0.2,Debate,2,0.2,,,,Demo
Chautauqua,0,0.2,Christianity,0,0.142857143,Architecture,3,0.2,Islam,2,0.333333333,Chautauqua,0,0.2,Empathy,0,0.2,Birds,3,0.2,Oceans,4,0.142857143,Cognitive science,0,0.2,Dinosaurs,4,0.2,,,,Democracy
Cyborg,4,0.2,Communication,0,0.142857143,Agriculture,3,0.2,Open-source,4,0.333333333,Advertising,2,0.2,Sustainability,3,0.191489362,Agriculture,3,0.2,Pain,0,0.142857143,Comedy,1,0.2,Disaster relief,3,0.2,,,,Depression
Debate,2,0.2,Community,0,0.142857143,Moon,4,0.2,Protests,2,0.333333333,Big bang,4,0.2,Health,4,0.185185185,Nanoscale,4,0.2,Performance art,1,0.142857143,Consumerism,2,0.2,Empathy,0,0.2,,,,Design
Poetry,1,0.189189189,Complexity,4,0.142857143,AI,4,0.2,Psychology,0,0.333333333,Apes,4,0.2,Green,3,0.176470588,Aircraft,4,0.2,Prediction,4,0.142857143,Cosmos,4,0.2,Epidemiology,4,0.2,,,,Development
Theater,1,0.185185185,Composing,1,0.142857143,Nanoscale,4,0.2,Race,1,0.333333333,Agriculture,3,0.2,Philosophy,0,0.176470588,NASA,4,0.2,Privacy,4,0.142857143,Curiosity,4,0.2,Finance,2,0.2,,,,Dinosaurs
Government,2,0.176470588,Death,0,0.142857143,NASA,4,0.2,Sight,4,0.333333333,Birds,3,0.2,Prison,2,0.176470588,Natural disaster,3,0.2,Religion,0,0.142857143,Cyborg,4,0.2,Hack,4,0.2,,,,Disability
Philosophy,0,0.176470588,Disability,0,0.142857143,Natural disaster,3,0.2,Solar energy,3,0.333333333,Choice,0,0.2,Simplicity,4,0.176470588,Nuclear energy,4,0.2,Shopping,2,0.142857143,Dance,1,0.2,Library,1,0.2,,,,Disaster relief
Science,4,0.157894737,Disease,4,0.142857143,Nuclear energy,4,0.2,Trafficking,2,0.333333333,Cloud,4,0.2,Global issues,2,0.162790698,Nuclear weapons,3,0.2,Software,4,0.142857143,Policy,2,0.2,Math,4,0.2,,,,Disease
MacArthur grant,4,0.142857143,Drones,4,0.142857143,Nuclear weapons,3,0.2,Violence,2,0.333333333,Animals,4,0.185185185,Medicine,4,0.161290323,Origami,1,0.2,Solar,3,0.142857143,Debate,2,0.2,Meditation,0,0.2,,,,DNA
Men,2,0.142857143,Performance art,1,0.142857143,Open-source,4,0.2,War,2,0.317073171,Fish,4,0.176470588,Social media,2,0.157894737,Pandemic,4,0.2,Algorithm,4,0.142857143,Smell,4,0.2,Microsoft,4,0.2,,,,Drones
Microfinance,2,0.142857143,Egypt,2,0.142857143,Origami,1,0.2,Happiness,0,0.304347826,Literature,1,0.176470588,Illness,4,0.142857143,Parenting,0,0.2,Spoken word,1,0.142857143,Population,0,0.2,Mind,0,0.2,,,,Economics
Middle East,2,0.142857143,Software,4,0.142857143,Aircraft,4,0.2,Education,3,0.302325581,Museums,1,0.176470588,Journalism,2,0.142857143,Anthropology,0,0.2,Ants,3,0.142857143,Decision-making,0,0.2,Mobility,3,0.2,,,,Education
Military,2,0.142857143,Prediction,4,0.142857143,Policy,2,0.2,Democracy,2,0.294117647,Space,4,0.176470588,Law,2,0.142857143,Policy,2,0.2,Technology,4,0.142857143,Dinosaurs,4,0.2,Moon,4,0.2,,,,Egypt
Monkeys,0,0.142857143,Europe,2,0.142857143,Population,0,0.2,Nature,3,0.294117647,Fashion,0,0.142857143,MacArthur grant,4,0.142857143,Population,0,0.2,Transportation,3,0.142857143,Disaster relief,3,0.2,NASA,4,0.2,,,,Empathy
News,2,0.142857143,Exoskeleton,4,0.142857143,Prosthetics,4,0.2,Prison,2,0.294117647,Identity,0,0.142857143,Memory,1,0.142857143,Rocket science,4,0.2,Vocals,1,0.142857143,Empathy,0,0.2,Nuclear energy,4,0.2,,,,Energy
Oceans,4,0.142857143,Exploration,4,0.142857143,Rocket science,4,0.2,Self,0,0.294117647,Illness,4,0.142857143,Men,2,0.142857143,Skateboarding,4,0.2,Art,1,0.142857143,Epidemiology,4,0.2,Nuclear weapons,3,0.2,,,,Energy
Pain,0,0.142857143,Failure,0,0.142857143,Skateboarding,4,0.2,Politics,2,0.282051282,Journalism,2,0.142857143,Microfinance,2,0.142857143,Smell,4,0.2,Cars,3,0.142857143,Evolution,4,0.2,Origami,1,0.2,,,,Engineering
Prediction,4,0.142857143,Fashion,0,0.142857143,Smell,4,0.2,Biosphere,3,0.272727273,MacArthur grant,4,0.142857143,Middle East,2,0.142857143,Surgery,4,0.2,Wunderkind,1,0.142857143,Future,3,0.2,Pandemic,4,0.2,,,,Entertainment
Privacy,4,0.142857143,Foreign Policy,2,0.142857143,Surgery,4,0.2,Garden,3,0.272727273,Men,2,0.142857143,Monkeys,0,0.142857143,United States,1,0.2,Christianity,0,0.142857143,Hack,4,0.2,Policy,2,0.2,,,,Entrepreneur
Religion,0,0.142857143,Glacier,1,0.142857143,United States,1,0.2,One Laptop Per Child,2,0.272727273,Microfinance,2,0.142857143,News,2,0.142857143,Apes,4,0.2,Men,2,0.142857143,Public health,4,0.2,Population,0,0.2,,,,Environment
Shopping,2,0.142857143,Identity,0,0.142857143,Wikipedia,0,0.2,Typography,1,0.272727273,Middle East,2,0.142857143,Pain,0,0.142857143,Big bang,4,0.2,Communication,0,0.142857143,Investment,2,0.2,Robots,4,0.2,,,,Epidemiology
Solar,3,0.142857143,Privacy,4,0.142857143,Anthropology,0,0.2,Health,4,0.259259259,Military,2,0.142857143,Performance art,1,0.142857143,Government,2,0.176470588,News,2,0.142857143,Jazz,1,0.2,Rocket science,4,0.2,,,,Europe
Spoken word,1,0.142857143,Illness,4,0.142857143,Apes,4,0.2,Mental health,0,0.259259259,Monkeys,0,0.142857143,Poverty,2,0.142857143,Literature,1,0.176470588,Microfinance,2,0.142857143,Meditation,0,0.2,Skateboarding,4,0.2,,,,Evolution
Technology,4,0.142857143,Journalism,2,0.142857143,Gaming,1,0.185185185,Theater,1,0.259259259,News,2,0.142857143,Prediction,4,0.142857143,Prison,2,0.176470588,Community,0,0.142857143,Microsoft,4,0.2,Submarine,4,0.2,,,,Exoskeleton
Wunderkind,1,0.142857143,MacArthur grant,4,0.142857143,Health,4,0.185185185,Business,2,0.253333333,Oceans,4,0.142857143,Privacy,4,0.142857143,Medicine,4,0.161290323,Complexity,4,0.142857143,Mobility,3,0.2,Surgery,4,0.2,,,,Exploration
Fashion,0,0.142857143,Memory,1,0.142857143,Theater,1,0.185185185,Society,0,0.24137931,Performance art,1,0.142857143,Religion,0,0.142857143,Composing,1,0.142857143,Composing,1,0.142857143,Moon,4,0.2,United States,1,0.2,,,,Extraterrestrial life
Journalism,2,0.142857143,Men,2,0.142857143,Creativity,1,0.176470588,Law,2,0.238095238,Prediction,4,0.142857143,Shopping,2,0.142857143,Death,0,0.142857143,Death,0,0.142857143,Rocket science,4,0.2,Fish,4,0.176470588,,,,Extreme sports
Foreign Policy,2,0.142857143,Microfinance,2,0.142857143,Government,2,0.176470588,Telecom,2,0.230769231,Privacy,4,0.142857143,Exoskeleton,4,0.142857143,Demo,4,0.142857143,Demo,4,0.142857143,Nanoscale,4,0.2,Language,0,0.176470588,,,,Failure
Algorithm,4,0.142857143,Religion,0,0.142857143,Green,3,0.176470588,Vaccines,4,0.230769231,Religion,0,0.142857143,Solar,3,0.142857143,Disability,0,0.142857143,Disability,0,0.142857143,NASA,4,0.2,Nature,3,0.176470588,,,,Faith
Ants,3,0.142857143,Middle East,2,0.142857143,Medicine,4,0.161290323,Productivity,0,0.230769231,Shopping,2,0.142857143,Spoken word,1,0.142857143,Disease,4,0.142857143,Disease,4,0.142857143,Skateboarding,4,0.2,Prison,2,0.176470588,,,,Fashion
Cars,3,0.142857143,Military,2,0.142857143,Arts,1,0.155555556,Development,2,0.230769231,Egypt,2,0.142857143,Technology,4,0.142857143,Drones,4,0.142857143,Drones,4,0.142857143,Nuclear energy,4,0.2,Self,0,0.176470588,,,,Fear
Christianity,0,0.142857143,Shopping,2,0.142857143,Cars,3,0.142857143,Innovation,4,0.230769231,Solar,3,0.142857143,Transportation,3,0.142857143,Europe,2,0.142857143,Middle East,2,0.142857143,Nuclear weapons,3,0.2,Interface design,4,0.157894737,,,,Feminism
Communication,0,0.142857143,Monkeys,0,0.142857143,Christianity,0,0.142857143,Insects,3,0.230769231,Technology,4,0.142857143,Identity,0,0.142857143,Exoskeleton,4,0.142857143,Egypt,2,0.142857143,Origami,1,0.2,Ants,3,0.142857143,,,,Film
Community,0,0.142857143,News,2,0.142857143,Communication,0,0.142857143,LGBT,0,0.230769231,Wunderkind,1,0.142857143,Violence,2,0.142857143,Exploration,4,0.142857143,Europe,2,0.142857143,Pandemic,4,0.2,Cars,3,0.142857143,,,,Finance
Glacier,1,0.142857143,Oceans,4,0.142857143,Community,0,0.142857143,Internet,4,0.217391304,Failure,0,0.142857143,Exploration,4,0.142857143,Failure,0,0.142857143,Exoskeleton,4,0.142857143,Health,4,0.185185185,Christianity,0,0.142857143,,,,Fish
Complexity,4,0.142857143,Pain,0,0.142857143,Complexity,4,0.142857143,Third world,2,0.217391304,Environment,3,0.142857143,Vocals,1,0.142857143,Foreign Policy,2,0.142857143,Exploration,4,0.142857143,Mental health,0,0.185185185,Communication,0,0.142857143,,,,Flight
Composing,1,0.142857143,Piano,1,0.12,Composing,1,0.142857143,Work,0,0.217391304,Algorithm,4,0.142857143,Wunderkind,1,0.142857143,Glacier,1,0.142857143,Failure,0,0.142857143,Democracy,2,0.176470588,Community,0,0.142857143,,,,Food
Death,0,0.142857143,Africa,2,0.111111111,Death,0,0.142857143,Social change,2,0.212121212,Europe,2,0.142857143,Algorithm,4,0.142857143,Identity,0,0.142857143,Fashion,0,0.142857143,Fish,4,0.176470588,Complexity,4,0.142857143,,,,Foreign Policy
Demo,4,0.142857143,AIDS,2,0.111111111,Demo,4,0.142857143,Terrorism,2,0.212121212,Ants,3,0.142857143,Ants,3,0.142857143,Illness,4,0.142857143,Military,2,0.142857143,Food,3,0.176470588,Composing,1,0.142857143,,,,Future
Disability,0,0.142857143,Arts,1,0.111111111,Disability,0,0.142857143,NASA,4,0.2,Art,1,0.142857143,Art,1,0.142857143,MacArthur grant,4,0.142857143,Foreign Policy,2,0.142857143,Government,2,0.176470588,Death,0,0.142857143,,,,Gaming
Disease,4,0.142857143,Bees,3,0.111111111,Disease,4,0.142857143,Natural disaster,3,0.2,Cars,3,0.142857143,Cars,3,0.142857143,Memory,1,0.142857143,Glacier,1,0.142857143,Green,3,0.176470588,Demo,4,0.142857143,,,,Garden
Identity,0,0.142857143,Biotech,4,0.111111111,Egypt,2,0.142857143,Nuclear energy,4,0.2,Christianity,0,0.142857143,Failure,0,0.142857143,Men,2,0.142857143,Monkeys,0,0.142857143,Language,0,0.176470588,Disability,0,0.142857143,,,,Genetics
Drones,4,0.142857143,Botany,3,0.111111111,Europe,2,0.142857143,Nuclear weapons,3,0.2,Communication,0,0.142857143,Christianity,0,0.142857143,Ants,3,0.142857143,Identity,0,0.142857143,Biology,4,0.170731707,Disease,4,0.142857143,,,,Glacier
Egypt,2,0.142857143,Children,3,0.111111111,Exoskeleton,4,0.142857143,Origami,1,0.2,Community,0,0.142857143,Communication,0,0.142857143,Microfinance,2,0.142857143,Illness,4,0.142857143,Energy,3,0.157894737,Drones,4,0.142857143,,,,Global issues
Illness,4,0.142857143,China,2,0.111111111,Failure,0,0.142857143,Pandemic,4,0.2,Exoskeleton,4,0.142857143,Community,0,0.142857143,Middle East,2,0.142857143,Journalism,2,0.142857143,Science,4,0.157894737,Egypt,2,0.142857143,,,,Goal-setting
Europe,2,0.142857143,Climate change,3,0.111111111,Fashion,0,0.142857143,Policy,2,0.2,Complexity,4,0.142857143,Complexity,4,0.142857143,Monkeys,0,0.142857143,Memory,1,0.142857143,Social change,2,0.151515152,Europe,2,0.142857143,,,,God
Exoskeleton,4,0.142857143,Extreme sports,0,0.111111111,Foreign Policy,2,0.142857143,Advertising,2,0.2,Death,0,0.142857143,Composing,1,0.142857143,News,2,0.142857143,Poetry,1,0.135135135,Terrorism,2,0.151515152,Exoskeleton,4,0.142857143,,,,Google
Exploration,4,0.142857143,Fear,0,0.111111111,Glacier,1,0.142857143,Agriculture,3,0.2,Exploration,4,0.142857143,Death,0,0.142857143,Complexity,4,0.142857143,Cities,3,0.130434783,Writing,1,0.14893617,Failure,0,0.142857143,,,,Government
Failure,0,0.142857143,Flight,4,0.111111111,Identity,0,0.142857143,Nanoscale,4,0.2,Demo,4,0.142857143,Fashion,0,0.142857143,Oceans,4,0.142857143,Film,1,0.130434783,Middle East,2,0.142857143,Fashion,0,0.142857143,,,,Green
History,1,0.130434783,Human origins,4,0.111111111,Journalism,2,0.142857143,Anthropology,0,0.2,Disability,0,0.142857143,Demo,4,0.142857143,Cars,3,0.142857143,Happiness,0,0.130434783,News,2,0.142857143,Foreign Policy,2,0.142857143,,,,Guitar
Online video,1,0.130434783,Intelligence,4,0.111111111,Memory,1,0.142857143,Apes,4,0.2,Disease,4,0.142857143,Disability,0,0.142857143,Performance art,1,0.142857143,Product design,4,0.130434783,Performance art,1,0.142857143,Glacier,1,0.142857143,,,,Hack
Primates,3,0.111111111,Interview,1,0.111111111,Men,2,0.142857143,Big bang,4,0.2,Drones,4,0.142857143,Glacier,1,0.142857143,Prediction,4,0.142857143,Work,0,0.130434783,Prediction,4,0.142857143,Identity,0,0.142857143,,,,Happiness
Race,1,0.111111111,Iran,2,0.111111111,Ants,3,0.142857143,Birds,3,0.2,Film,1,0.130434783,Disease,4,0.142857143,Privacy,4,0.142857143,Design,4,0.12195122,Religion,0,0.142857143,Illness,4,0.142857143,,,,Health
Sight,4,0.111111111,Islam,2,0.111111111,Microfinance,2,0.142857143,Book,1,0.2,TED Prize,3,0.12,Drones,4,0.142857143,Public health,4,0.142857143,Women in business,2,0.12,Shopping,2,0.142857143,Journalism,2,0.142857143,,,,Health care
Solar energy,3,0.111111111,Latin America,3,0.111111111,Middle East,2,0.142857143,Books,3,0.2,Youth,0,0.12,Egypt,2,0.142857143,Religion,0,0.142857143,Physics,4,0.111111111,Software,4,0.142857143,Memory,1,0.142857143,,,,Heart health
Sound,4,0.111111111,Leadership,0,0.111111111,Military,2,0.142857143,Population,0,0.2,Oil,3,0.111111111,Europe,2,0.142857143,Christianity,0,0.142857143,Primates,3,0.111111111,Microfinance,2,0.142857143,Men,2,0.142857143,,,,History
Student,3,0.111111111,Map,4,0.111111111,Monkeys,0,0.142857143,Brand,1,0.2,Paleontology,4,0.111111111,Philanthropy,2,0.130434783,Shopping,2,0.142857143,Sight,4,0.111111111,Solar,3,0.142857143,Microfinance,2,0.142857143,,,,Human origins
Trafficking,2,0.111111111,Music,1,0.111111111,News,2,0.142857143,Brazil,3,0.2,Physics,4,0.111111111,Third world,2,0.130434783,Solar,3,0.142857143,Solar energy,3,0.111111111,Algorithm,4,0.142857143,Middle East,2,0.142857143,,,,Humor
Physics,4,0.111111111,New York,1,0.111111111,Oceans,4,0.142857143,Public health,4,0.2,Primates,3,0.111111111,Politics,2,0.128205128,Storytelling,1,0.142857143,Sound,4,0.111111111,Spoken word,1,0.142857143,Military,2,0.142857143,,,,Identity
Virus,4,0.111111111,Oil,3,0.111111111,Pain,0,0.142857143,Rocket science,4,0.2,Race,1,0.111111111,Latin America,3,0.111111111,Technology,4,0.142857143,Student,3,0.111111111,Storytelling,1,0.142857143,News,2,0.142857143,,,,Illness
Oil,3,0.111111111,Paleontology,4,0.111111111,Performance art,1,0.142857143,Cello,1,0.2,Sight,4,0.111111111,Leadership,0,0.111111111,Communication,0,0.142857143,Trafficking,2,0.111111111,Cars,3,0.142857143,Pain,0,0.142857143,,,,Illusion
Africa,2,0.111111111,Physics,4,0.111111111,Prediction,4,0.142857143,Smell,4,0.2,Solar energy,3,0.111111111,Map,4,0.111111111,Vocals,1,0.142857143,Paleontology,4,0.111111111,Technology,4,0.142857143,Performance art,1,0.142857143,,,,Industrial design
AIDS,2,0.111111111,Primates,3,0.111111111,Privacy,4,0.142857143,Choice,0,0.2,New York,1,0.111111111,New York,1,0.111111111,Wunderkind,1,0.142857143,Virus,4,0.111111111,Christianity,0,0.142857143,Prediction,4,0.142857143,,,,Inequality
Animals,4,0.111111111,Race,1,0.111111111,Religion,0,0.142857143,Submarine,4,0.2,Sound,4,0.111111111,Oil,3,0.111111111,Community,0,0.142857143,Map,4,0.111111111,Urban planning,3,0.142857143,Privacy,4,0.142857143,,,,Innovation
Bees,3,0.111111111,Sight,4,0.111111111,Software,4,0.142857143,Mobility,3,0.2,Student,3,0.111111111,Paleontology,4,0.111111111,Algorithm,4,0.142857143,Africa,2,0.111111111,Memory,1,0.142857143,Religion,0,0.142857143,,,,Insects
Biotech,4,0.111111111,Solar energy,3,0.111111111,Solar,3,0.142857143,Cloud,4,0.2,Trafficking,2,0.111111111,Physics,4,0.111111111,Poetry,1,0.135135135,AIDS,2,0.111111111,Communication,0,0.142857143,Shopping,2,0.142857143,,,,Intelligence
Botany,3,0.111111111,Sound,4,0.111111111,Spoken word,1,0.142857143,Cognitive science,0,0.2,Virus,4,0.111111111,Islam,2,0.111111111,Health care,4,0.134328358,Bees,3,0.111111111,Community,0,0.142857143,Software,4,0.142857143,,,,Interface design
Children,3,0.111111111,Student,3,0.111111111,Transportation,3,0.142857143,Surgery,4,0.2,Map,4,0.111111111,Primates,3,0.111111111,History,1,0.130434783,Biotech,4,0.111111111,Vocals,1,0.142857143,Solar,3,0.142857143,,,,Internet
China,2,0.111111111,Trafficking,2,0.111111111,Vocals,1,0.142857143,United States,1,0.2,Africa,2,0.111111111,Race,1,0.111111111,Philanthropy,2,0.130434783,Botany,3,0.111111111,Wunderkind,1,0.142857143,Spoken word,1,0.142857143,,,,Interview
Climate change,3,0.111111111,Virus,4,0.111111111,Wunderkind,1,0.142857143,Comedy,1,0.2,AIDS,2,0.111111111,Sight,4,0.111111111,Third world,2,0.130434783,Children,3,0.111111111,Complexity,4,0.142857143,Technology,4,0.142857143,,,,Invention
Extreme sports,0,0.111111111,Invention,4,0.103448276,Sports,0,0.130434783,Computers,4,0.2,Biotech,4,0.111111111,Solar energy,3,0.111111111,Education,3,0.11627907,China,2,0.111111111,Composing,1,0.142857143,Vocals,1,0.142857143,,,,Investment
Flight,4,0.111111111,Conducting,1,0.090909091,Cities,3,0.130434783,Consumerism,2,0.2,China,2,0.111111111,Sound,4,0.111111111,Global issues,2,0.11627907,Climate change,3,0.111111111,Death,0,0.142857143,Wunderkind,1,0.142857143,,,,Iran
Gaming,1,0.111111111,Corruption,2,0.090909091,Film,1,0.130434783,Cosmos,4,0.2,Climate change,3,0.111111111,Interview,1,0.111111111,Botany,3,0.111111111,Extreme sports,0,0.111111111,Demo,4,0.142857143,Happiness,0,0.130434783,,,,Iraq
Google,2,0.111111111,#N/A,4,0.090909091,Biology,4,0.12195122,Crime,2,0.2,Extreme sports,0,0.111111111,Student,3,0.111111111,Children,3,0.111111111,Fear,0,0.111111111,Disability,0,0.142857143,Sports,0,0.130434783,,,,Islam
Human origins,4,0.111111111,Data,4,0.090909091,Youth,0,0.12,Curiosity,4,0.2,Fear,0,0.111111111,Trafficking,2,0.111111111,Climate change,3,0.111111111,Flight,4,0.111111111,Disease,4,0.142857143,Design,4,0.12195122,,,,Jazz
Intelligence,4,0.111111111,Depression,0,0.090909091,AIDS,2,0.111111111,Cyborg,4,0.2,Flight,4,0.111111111,Virus,4,0.111111111,Flight,4,0.111111111,Gaming,1,0.111111111,Drones,4,0.142857143,Africa,2,0.111111111,,,,Journalism
Interview,1,0.111111111,Energy,3,0.090909091,Bees,3,0.111111111,Dance,1,0.2,Google,2,0.111111111,Africa,2,0.111111111,Google,2,0.111111111,Google,2,0.111111111,Egypt,2,0.142857143,AIDS,2,0.111111111,,,,Language
Islam,2,0.111111111,Entrepreneur,2,0.090909091,Biotech,4,0.111111111,Debate,2,0.2,Health,4,0.111111111,AIDS,2,0.111111111,Health,4,0.111111111,Intelligence,4,0.111111111,Environment,3,0.142857143,Arts,1,0.111111111,,,,Latin America
Latin America,3,0.111111111,Biosphere,3,0.090909091,Botany,3,0.111111111,Decision-making,0,0.2,Human origins,4,0.111111111,Bees,3,0.111111111,Human origins,4,0.111111111,Iran,2,0.111111111,Europe,2,0.142857143,Bees,3,0.111111111,,,,Law
Paleontology,4,0.111111111,Feminism,2,0.090909091,Children,3,0.111111111,Dinosaurs,4,0.2,Intelligence,4,0.111111111,Botany,3,0.111111111,Biotech,4,0.111111111,Oil,3,0.111111111,Exoskeleton,4,0.142857143,Children,3,0.111111111,,,,Leadership
Leadership,0,0.111111111,Garden,3,0.090909091,China,2,0.111111111,Disaster relief,3,0.2,Interview,1,0.111111111,Children,3,0.111111111,Intelligence,4,0.111111111,Islam,2,0.111111111,Exploration,4,0.142857143,China,2,0.111111111,,,,LGBT
Map,4,0.111111111,Genetics,4,0.090909091,Climate change,3,0.111111111,Epidemiology,4,0.2,Iran,2,0.111111111,China,2,0.111111111,Interview,1,0.111111111,Latin America,3,0.111111111,Failure,0,0.142857143,Climate change,3,0.111111111,,,,Library
New York,1,0.111111111,God,0,0.090909091,Extreme sports,0,0.111111111,Hack,4,0.2,Mental health,0,0.111111111,Climate change,3,0.111111111,Iran,2,0.111111111,Leadership,0,0.111111111,Fashion,0,0.142857143,Extreme sports,0,0.111111111,,,,Life
Writing,1,0.106382979,Heart health,4,0.090909091,Fear,0,0.111111111,Inequality,2,0.2,Islam,2,0.111111111,Extreme sports,0,0.111111111,Latin America,3,0.111111111,Photography,1,0.106382979,Foreign Policy,2,0.142857143,Fear,0,0.111111111,,,,Literature
Web,4,0.098039216,Atheism,0,0.090909091,Flight,4,0.111111111,Jazz,1,0.2,Latin America,3,0.111111111,Fear,0,0.111111111,Leadership,0,0.111111111,Invention,4,0.103448276,Glacier,1,0.142857143,Flight,4,0.111111111,,,,Live music
TEDx,0,0.096774194,Industrial design,4,0.090909091,Google,2,0.111111111,Moon,4,0.2,Leadership,0,0.111111111,Flight,4,0.111111111,Africa,2,0.111111111,Mission blue,4,0.103448276,Men,2,0.142857143,Gaming,1,0.111111111,,,,MacArthur grant
Presentation,4,0.090909091,Motivation,0,0.090909091,Human origins,4,0.111111111,Library,1,0.2,Plastic,3,0.090909091,Iran,2,0.111111111,Map,4,0.111111111,Society,0,0.103448276,Identity,0,0.142857143,Google,2,0.111111111,,,,Magic
Security,4,0.090909091,Neurology,0,0.090909091,Intelligence,4,0.111111111,Microsoft,4,0.2,Presentation,4,0.090909091,Google,2,0.111111111,New York,1,0.111111111,Web,4,0.098039216,Journalism,2,0.142857143,Intelligence,4,0.111111111,,,,Map
Sociology,0,0.090909091,One Laptop Per Child,2,0.090909091,Interview,1,0.111111111,Mind,0,0.2,Relationships,0,0.090909091,Human origins,4,0.111111111,Oil,3,0.111111111,Neurology,0,0.090909091,MacArthur grant,4,0.142857143,Interview,1,0.111111111,,,,Marketing
Speech,4,0.090909091,Plastic,3,0.090909091,Iran,2,0.111111111,Sustainability,3,0.191489362,Security,4,0.090909091,Intelligence,4,0.111111111,Paleontology,4,0.111111111,One Laptop Per Child,2,0.090909091,History,1,0.130434783,Iran,2,0.111111111,,,,Materials
Success,0,0.090909091,Presentation,4,0.090909091,Islam,2,0.111111111,Poetry,1,0.189189189,Sociology,0,0.090909091,Writing,1,0.106382979,Physics,4,0.111111111,Plastic,3,0.090909091,Online video,1,0.130434783,Islam,2,0.111111111,,,,Math
Weather,3,0.090909091,Relationships,0,0.090909091,Latin America,3,0.111111111,Culture,0,0.180722892,Speech,4,0.090909091,Business,2,0.093333333,Primates,3,0.111111111,Presentation,4,0.090909091,Product design,4,0.130434783,Latin America,3,0.111111111,,,,Media
Urban planning,3,0.090909091,Security,4,0.090909091,Leadership,0,0.111111111,Food,3,0.176470588,Success,0,0.090909091,Genetics,4,0.090909091,Psychology,0,0.111111111,Relationships,0,0.090909091,Sports,0,0.130434783,Leadership,0,0.111111111,,,,Medical research
World cultures,2,0.090909091,Sociology,0,0.090909091,Map,4,0.111111111,Government,2,0.176470588,Urban planning,3,0.090909091,Heart health,4,0.090909091,Race,1,0.111111111,Security,4,0.090909091,TED Fellows,4,0.12195122,Map,4,0.111111111,,,,Medicine
Asia,2,0.090909091,Speech,4,0.090909091,Oil,3,0.111111111,Green,3,0.176470588,Asia,2,0.090909091,Industrial design,4,0.090909091,Sight,4,0.111111111,Sociology,0,0.090909091,War,2,0.12195122,New York,1,0.111111111,,,,Meditation
Behavioral economics,0,0.090909091,Success,0,0.090909091,Paleontology,4,0.111111111,Literature,1,0.176470588,Atheism,0,0.090909091,Motivation,0,0.090909091,Solar energy,3,0.111111111,Speech,4,0.090909091,Business,2,0.12,Oil,3,0.111111111,,,,Memory
Biosphere,3,0.090909091,Typography,1,0.090909091,Physics,4,0.111111111,Simplicity,4,0.176470588,Behavioral economics,0,0.090909091,Neurology,0,0.090909091,Sound,4,0.111111111,Success,0,0.090909091,Women in business,2,0.12,Primates,3,0.111111111,,,,Men
Conducting,1,0.090909091,Weather,3,0.090909091,Primates,3,0.111111111,Space,4,0.176470588,Biosphere,3,0.090909091,One Laptop Per Child,2,0.090909091,Student,3,0.111111111,Terrorism,2,0.090909091,Youth,0,0.12,Psychology,0,0.111111111,,,,Mental health
Corruption,2,0.090909091,Urban planning,3,0.090909091,Race,1,0.111111111,Invention,4,0.172413793,Corruption,2,0.090909091,Plastic,3,0.090909091,Theater,1,0.111111111,Typography,1,0.090909091,Extreme sports,0,0.111111111,Race,1,0.111111111,,,,Microbiology
#N/A,4,0.090909091,Behavioral economics,0,0.090909091,Sound,4,0.111111111,Media,2,0.172413793,#N/A,4,0.090909091,Presentation,4,0.090909091,Virus,4,0.111111111,Weather,3,0.090909091,Fear,0,0.111111111,Sight,4,0.111111111,,,,Microfinance
Deextinction,4,0.090909091,World cultures,2,0.090909091,Student,3,0.111111111,Health care,4,0.164179104,Data,4,0.090909091,Relationships,0,0.090909091,Bees,3,0.111111111,Urban planning,3,0.090909091,Flight,4,0.111111111,Solar energy,3,0.111111111,,,,Microsoft
Depression,0,0.090909091,Asia,2,0.090909091,Trafficking,2,0.111111111,Medicine,4,0.161290323,Depression,0,0.090909091,Security,4,0.090909091,Photography,1,0.106382979,World cultures,2,0.090909091,Gaming,1,0.111111111,Student,3,0.111111111,,,,Middle East
Plastic,3,0.090909091,Live music,1,0.085714286,Web,4,0.098039216,Social media,2,0.157894737,One Laptop Per Child,2,0.090909091,Social change,2,0.090909091,Media,2,0.103448276,Asia,2,0.090909091,Intelligence,4,0.111111111,Trafficking,2,0.111111111,,,,Military
Energy,3,0.090909091,Engineering,4,0.076923077,TEDx,0,0.096774194,Cars,3,0.142857143,Energy,3,0.090909091,Sociology,0,0.090909091,Conducting,1,0.090909091,Atheism,0,0.090909091,Interview,1,0.111111111,Virus,4,0.111111111,,,,Mind
Entrepreneur,2,0.090909091,Extraterrestrial life,4,0.076923077,Atheism,0,0.090909091,Christianity,0,0.142857143,Entrepreneur,2,0.090909091,Speech,4,0.090909091,#N/A,4,0.090909091,Behavioral economics,0,0.090909091,Iran,2,0.111111111,Mission blue,4,0.103448276,,,,Mission blue
Garden,3,0.090909091,Goal-setting,0,0.076923077,Behavioral economics,0,0.090909091,Communication,0,0.142857143,Feminism,2,0.090909091,Success,0,0.090909091,Data,4,0.090909091,Biosphere,3,0.090909091,Islam,2,0.111111111,Asia,2,0.090909091,,,,Mobility
Genetics,4,0.090909091,Guitar,1,0.076923077,Biosphere,3,0.090909091,Complexity,4,0.142857143,Garden,3,0.090909091,Asia,2,0.090909091,Deextinction,4,0.090909091,Conducting,1,0.090909091,Latin America,3,0.111111111,Atheism,0,0.090909091,,,,Money
God,0,0.090909091,Innovation,4,0.076923077,Conducting,1,0.090909091,Composing,1,0.142857143,Genetics,4,0.090909091,Atheism,0,0.090909091,Energy,3,0.090909091,Corruption,2,0.090909091,Leadership,0,0.111111111,Biosphere,3,0.090909091,,,,Monkeys
Heart health,4,0.090909091,Insects,3,0.076923077,Corruption,2,0.090909091,Demo,4,0.142857143,God,0,0.090909091,Garden,3,0.090909091,Entrepreneur,2,0.090909091,Motivation,0,0.090909091,Map,4,0.111111111,Conducting,1,0.090909091,,,,Moon
Industrial design,4,0.090909091,LGBT,0,0.076923077,#N/A,4,0.090909091,Disease,4,0.142857143,Heart health,4,0.090909091,Typography,1,0.090909091,Feminism,2,0.090909091,#N/A,4,0.090909091,Music,1,0.111111111,Corruption,2,0.090909091,,,,Morality
Motivation,0,0.090909091,Life,4,0.076923077,Data,4,0.090909091,Wunderkind,1,0.142857143,Industrial design,4,0.090909091,Biosphere,3,0.090909091,Garden,3,0.090909091,Data,4,0.090909091,New York,1,0.111111111,Data,4,0.090909091,,,,Motivation
Neurology,0,0.090909091,Morality,0,0.076923077,World cultures,2,0.090909091,Environment,3,0.142857143,Motivation,0,0.090909091,Conducting,1,0.090909091,Genetics,4,0.090909091,Deextinction,4,0.090909091,Oil,3,0.111111111,Depression,0,0.090909091,,,,Museums
One Laptop Per Child,2,0.090909091,Neuroscience,0,0.076923077,Deextinction,4,0.090909091,Exoskeleton,4,0.142857143,Neurology,0,0.090909091,Weather,3,0.090909091,Heart health,4,0.090909091,Depression,0,0.090909091,Economics,2,0.111111111,Energy,3,0.090909091,,,,Music
Live music,1,0.085714286,Obesity,3,0.076923077,Depression,0,0.090909091,Exploration,4,0.142857143,Culture,0,0.084337349,Urban planning,3,0.090909091,Industrial design,4,0.090909091,Energy,3,0.090909091,Physics,4,0.111111111,Entrepreneur,2,0.090909091,,,,Nanoscale
Senses,4,0.076923077,Peace,2,0.076923077,Entrepreneur,2,0.090909091,Fashion,0,0.142857143,Sex,3,0.076923077,Corruption,2,0.090909091,Motivation,0,0.090909091,Feminism,2,0.090909091,Primates,3,0.111111111,Feminism,2,0.090909091,,,,NASA
Development,2,0.076923077,Personal growth,0,0.076923077,Feminism,2,0.090909091,Glacier,1,0.142857143,Development,2,0.076923077,#N/A,4,0.090909091,Neurology,0,0.090909091,Garden,3,0.090909091,Psychology,0,0.111111111,Garden,3,0.090909091,,,,Natural disaster
DNA,4,0.076923077,Play,4,0.076923077,Garden,3,0.090909091,Identity,0,0.142857143,DNA,4,0.076923077,Data,4,0.090909091,One Laptop Per Child,2,0.090909091,God,0,0.090909091,Race,1,0.111111111,God,0,0.090909091,,,,Nature
State-building,2,0.076923077,DNA,4,0.076923077,Genetics,4,0.090909091,Illness,4,0.142857143,State-building,2,0.076923077,Deextinction,4,0.090909091,Behavioral economics,0,0.090909091,Heart health,4,0.090909091,Africa,2,0.111111111,Heart health,4,0.090909091,,,,Neurology
Engineering,4,0.076923077,Pollution,3,0.076923077,God,0,0.090909091,Ants,3,0.142857143,Engineering,4,0.076923077,Depression,0,0.090909091,Plastic,3,0.090909091,Industrial design,4,0.090909091,Sight,4,0.111111111,Industrial design,4,0.090909091,,,,Neuroscience
TEDBooks,4,0.076923077,Productivity,0,0.076923077,Asia,2,0.090909091,Journalism,2,0.142857143,Statistics,2,0.076923077,Energy,3,0.090909091,Presentation,4,0.090909091,Performance,1,0.081081081,Animals,4,0.111111111,Motivation,0,0.090909091,,,,News
Extraterrestrial life,4,0.076923077,Senses,4,0.076923077,Heart health,4,0.090909091,Live music,1,0.142857143,Extraterrestrial life,4,0.076923077,Entrepreneur,2,0.090909091,Relationships,0,0.090909091,Neuroscience,0,0.076923077,Solar energy,3,0.111111111,One Laptop Per Child,2,0.090909091,,,,New York
Goal-setting,0,0.076923077,Sex,3,0.076923077,Industrial design,4,0.090909091,MacArthur grant,4,0.142857143,Goal-setting,0,0.076923077,Feminism,2,0.090909091,Security,4,0.090909091,Obesity,3,0.076923077,Biotech,4,0.111111111,Plastic,3,0.090909091,,,,Nuclear energy
Telecom,2,0.076923077,Singer,1,0.076923077,Motivation,0,0.090909091,Microfinance,2,0.142857143,TEDBooks,4,0.076923077,Public health,4,0.085714286,Sociology,0,0.090909091,Personal growth,0,0.076923077,Sound,4,0.111111111,Presentation,4,0.090909091,,,,Nuclear weapons
Universe,4,0.076923077,State-building,2,0.076923077,Neurology,0,0.090909091,Monkeys,0,0.142857143,Telecom,2,0.076923077,Magic,1,0.076923077,Success,0,0.090909091,Play,4,0.076923077,Botany,3,0.111111111,Relationships,0,0.090909091,,,,Obesity
Vaccines,4,0.076923077,Statistics,2,0.076923077,One Laptop Per Child,2,0.090909091,Oceans,4,0.142857143,Time,4,0.076923077,Morality,0,0.076923077,Typography,1,0.090909091,Pollution,3,0.076923077,Student,3,0.111111111,Sociology,0,0.090909091,,,,Oceans
Guitar,1,0.076923077,TEDBooks,4,0.076923077,Presentation,4,0.090909091,Prediction,4,0.142857143,Innovation,4,0.076923077,Neuroscience,0,0.076923077,Weather,3,0.090909091,Productivity,0,0.076923077,Children,3,0.111111111,Speech,4,0.090909091,,,,Oil
Violin,1,0.076923077,Women,2,0.076923077,Relationships,0,0.090909091,Privacy,4,0.142857143,Universe,4,0.076923077,Obesity,3,0.076923077,Urban planning,3,0.090909091,Senses,4,0.076923077,Trafficking,2,0.111111111,Success,0,0.090909091,,,,One Laptop Per Child
Innovation,4,0.076923077,Telecom,2,0.076923077,Security,4,0.090909091,Vocals,1,0.142857143,Insects,3,0.076923077,Peace,2,0.076923077,Atheism,0,0.090909091,Development,2,0.076923077,Climate change,3,0.111111111,Typography,1,0.090909091,,,,Online video
Women,2,0.076923077,Development,2,0.076923077,Weather,3,0.090909091,Shopping,2,0.142857143,Vaccines,4,0.076923077,Personal growth,0,0.076923077,World cultures,2,0.090909091,Sex,3,0.076923077,Virus,4,0.111111111,Weather,3,0.090909091,,,,Open-source
Insects,3,0.076923077,Time,4,0.076923077,Sociology,0,0.090909091,Algorithm,4,0.142857143,Women,2,0.076923077,Play,4,0.076923077,Guitar,1,0.076923077,Singer,1,0.076923077,Culture,0,0.108433735,Urban planning,3,0.090909091,,,,Origami
LGBT,0,0.076923077,Universe,4,0.076923077,Speech,4,0.090909091,Solar,3,0.142857143,LGBT,0,0.076923077,Pollution,3,0.076923077,Innovation,4,0.076923077,DNA,4,0.076923077,Sustainability,3,0.106382979,World cultures,2,0.090909091,,,,Pain
Life,4,0.076923077,Vaccines,4,0.076923077,Success,0,0.090909091,Technology,4,0.142857143,Life,4,0.076923077,Productivity,0,0.076923077,Insects,3,0.076923077,State-building,2,0.076923077,Society,0,0.103448276,Transportation,3,0.085714286,,,,Paleontology
Morality,0,0.076923077,Biology,4,0.073170732,Typography,1,0.090909091,Urban planning,3,0.142857143,Magic,1,0.076923077,Sex,3,0.076923077,Magic,1,0.076923077,Statistics,2,0.076923077,Medicine,4,0.096774194,Development,2,0.076923077,,,,Pandemic
Neuroscience,0,0.076923077,Visualizations,4,0.073170732,Public health,4,0.085714286,Performance,1,0.135135135,Morality,0,0.076923077,Singer,1,0.076923077,Morality,0,0.076923077,Engineering,4,0.076923077,TEDx,0,0.096774194,Goal-setting,0,0.076923077,,,,Parenting
Obesity,3,0.076923077,War,2,0.073170732,Time,4,0.076923077,Film,1,0.130434783,Neuroscience,0,0.076923077,Statistics,2,0.076923077,Neuroscience,0,0.076923077,TEDBooks,4,0.076923077,World cultures,2,0.090909091,Guitar,1,0.076923077,,,,Peace
Productivity,0,0.076923077,Prosthetics,4,0.066666667,Universe,4,0.076923077,Online video,1,0.130434783,Obesity,3,0.076923077,Development,2,0.076923077,Obesity,3,0.076923077,Extraterrestrial life,4,0.076923077,Asia,2,0.090909091,Innovation,4,0.076923077,,,,Performance
Peace,2,0.076923077,Protests,2,0.066666667,Violin,1,0.076923077,Sports,0,0.130434783,Senses,4,0.076923077,Telecom,2,0.076923077,Play,4,0.076923077,Time,4,0.076923077,Atheism,0,0.090909091,LGBT,0,0.076923077,,,,Performance art
Personal growth,0,0.076923077,Submarine,4,0.066666667,Women,2,0.076923077,Entertainment,1,0.12195122,Peace,2,0.076923077,Time,4,0.076923077,Productivity,0,0.076923077,Universe,4,0.076923077,Biosphere,3,0.090909091,Life,4,0.076923077,,,,Personal growth
Play,4,0.076923077,Wikipedia,0,0.066666667,TEDBooks,4,0.076923077,New York,1,0.111111111,Personal growth,0,0.076923077,Vaccines,4,0.076923077,Senses,4,0.076923077,Vaccines,4,0.076923077,Conducting,1,0.090909091,Obesity,3,0.076923077,,,,Philanthropy
Pollution,3,0.076923077,Parenting,0,0.066666667,DNA,4,0.076923077,Oil,3,0.111111111,Pollution,3,0.076923077,DNA,4,0.076923077,Sex,3,0.076923077,Goal-setting,0,0.076923077,Corruption,2,0.090909091,Peace,2,0.076923077,,,,Philosophy
Design,4,0.073170732,Architecture,3,0.066666667,Extraterrestrial life,4,0.076923077,Paleontology,4,0.111111111,Productivity,0,0.076923077,Engineering,4,0.076923077,Singer,1,0.076923077,Guitar,1,0.076923077,Depression,0,0.090909091,Personal growth,0,0.076923077,,,,Photography
Materials,4,0.066666667,Astronomy,4,0.066666667,Goal-setting,0,0.076923077,Physics,4,0.111111111,Entertainment,1,0.073170732,Violin,1,0.076923077,Statistics,2,0.076923077,Violin,1,0.076923077,Energy,3,0.090909091,Play,4,0.076923077,,,,Physics
Medical research,4,0.066666667,Biodiversity,3,0.066666667,Guitar,1,0.076923077,Music,1,0.111111111,Visualizations,4,0.073170732,Women,2,0.076923077,TEDBooks,4,0.076923077,Women,2,0.076923077,Entrepreneur,2,0.090909091,Pollution,3,0.076923077,,,,Piano
Money,2,0.066666667,Cancer,4,0.066666667,Insects,3,0.076923077,Sound,4,0.111111111,Humor,1,0.066666667,Extraterrestrial life,4,0.076923077,Telecom,2,0.076923077,Innovation,4,0.076923077,Feminism,2,0.090909091,Productivity,0,0.076923077,,,,Planets
Natural disaster,3,0.066666667,Charter for compassion,0,0.066666667,LGBT,0,0.076923077,Virus,4,0.111111111,Illusion,1,0.066666667,Life,4,0.076923077,Time,4,0.076923077,Morality,0,0.076923077,Genetics,4,0.090909091,Senses,4,0.076923077,,,,Plastic
Marketing,2,0.066666667,Computers,4,0.066666667,Life,4,0.076923077,Animals,4,0.111111111,Inequality,2,0.066666667,Goal-setting,0,0.076923077,Universe,4,0.076923077,Insects,3,0.076923077,God,0,0.090909091,Sex,3,0.076923077,,,,Play
Open-source,4,0.066666667,Decision-making,0,0.066666667,Magic,1,0.076923077,Arts,1,0.111111111,Iraq,2,0.066666667,Guitar,1,0.076923077,Vaccines,4,0.076923077,LGBT,0,0.076923077,Motivation,0,0.090909091,Singer,1,0.076923077,,,,Poetry
Parenting,0,0.066666667,Evolution,4,0.066666667,Morality,0,0.076923077,Bees,3,0.111111111,Future,3,0.066666667,Innovation,4,0.076923077,Violin,1,0.076923077,Life,4,0.076923077,Neurology,0,0.090909091,State-building,2,0.076923077,,,,Policy
Planets,4,0.066666667,Faith,0,0.066666667,Neuroscience,0,0.076923077,Biotech,4,0.111111111,Library,1,0.066666667,LGBT,0,0.076923077,Extraterrestrial life,4,0.076923077,Magic,1,0.076923077,One Laptop Per Child,2,0.090909091,Statistics,2,0.076923077,,,,Politics
Prosthetics,4,0.066666667,Future,3,0.066666667,Obesity,3,0.076923077,China,2,0.111111111,Marketing,2,0.066666667,War,2,0.073170732,Women,2,0.076923077,Faith,0,0.066666667,Plastic,3,0.090909091,TEDBooks,4,0.076923077,,,,Pollution
Protests,2,0.066666667,Inequality,2,0.066666667,Peace,2,0.076923077,Climate change,3,0.111111111,Materials,4,0.066666667,Cancer,4,0.066666667,DNA,4,0.076923077,Illusion,1,0.066666667,Presentation,4,0.090909091,Telecom,2,0.076923077,,,,Population
Robots,4,0.066666667,Iraq,2,0.066666667,Personal growth,0,0.076923077,Economics,2,0.111111111,Math,4,0.066666667,Charter for compassion,0,0.066666667,Engineering,4,0.076923077,Inequality,2,0.066666667,Relationships,0,0.090909091,Vaccines,4,0.076923077,,,,Poverty
Submarine,4,0.066666667,Library,1,0.066666667,Play,4,0.076923077,Flight,4,0.111111111,Medical research,4,0.066666667,Computers,4,0.066666667,Biodiversity,3,0.066666667,Library,1,0.066666667,Sociology,0,0.090909091,Violin,1,0.076923077,,,,Prediction
Wikipedia,0,0.066666667,Marketing,2,0.066666667,Pollution,3,0.076923077,Gaming,1,0.111111111,Natural disaster,3,0.066666667,Decision-making,0,0.066666667,Biomechanics,4,0.066666667,Evolution,4,0.066666667,Success,0,0.090909091,Women,2,0.076923077,,,,Presentation
AI,4,0.066666667,Materials,4,0.066666667,Productivity,0,0.076923077,Google,2,0.111111111,Open-source,4,0.066666667,Biomechanics,4,0.066666667,Business,2,0.066666667,Materials,4,0.066666667,Typography,1,0.090909091,Entertainment,1,0.073170732,,,,Primates
Architecture,3,0.066666667,Math,4,0.066666667,Sex,3,0.076923077,Human origins,4,0.111111111,Parenting,0,0.066666667,Evolution,4,0.066666667,Submarine,4,0.066666667,Math,4,0.066666667,Transportation,3,0.085714286,Architecture,3,0.066666667,,,,Prison
Biodiversity,3,0.066666667,Medical research,4,0.066666667,Singer,1,0.076923077,Humor,1,0.111111111,Planets,4,0.066666667,Illusion,1,0.066666667,Charter for compassion,0,0.066666667,Medical research,4,0.066666667,Poetry,1,0.081081081,Cancer,4,0.066666667,,,,Privacy
Biomechanics,4,0.066666667,Money,2,0.066666667,State-building,2,0.076923077,Intelligence,4,0.111111111,Prosthetics,4,0.066666667,Iraq,2,0.066666667,Wikipedia,0,0.066666667,Money,2,0.066666667,Development,2,0.076923077,Charter for compassion,0,0.066666667,,,,Product design
Cancer,4,0.066666667,Natural disaster,3,0.066666667,Statistics,2,0.076923077,Iran,2,0.111111111,Protests,2,0.066666667,Library,1,0.066666667,Astronomy,4,0.066666667,Natural disaster,3,0.066666667,TEDBooks,4,0.076923077,Decision-making,0,0.066666667,,,,Productivity
Charter for compassion,0,0.066666667,Creativity,1,0.058823529,Entertainment,1,0.073170732,Latin America,3,0.111111111,Robots,4,0.066666667,Marketing,2,0.066666667,Computers,4,0.066666667,Open-source,4,0.066666667,Engineering,4,0.076923077,Faith,0,0.066666667,,,,Prosthetics
Computers,4,0.066666667,Democracy,2,0.058823529,Visualizations,4,0.073170732,Map,4,0.111111111,AI,4,0.066666667,Materials,4,0.066666667,Decision-making,0,0.066666667,Parenting,0,0.066666667,Time,4,0.076923077,Future,3,0.066666667,,,,Protests
Decision-making,0,0.066666667,Fish,4,0.058823529,War,2,0.073170732,Photography,1,0.106382979,Submarine,4,0.066666667,Medical research,4,0.066666667,Evolution,4,0.066666667,Planets,4,0.066666667,Extraterrestrial life,4,0.076923077,Illusion,1,0.066666667,,,,Psychology
Evolution,4,0.066666667,Food,3,0.058823529,Global issues,2,0.069767442,Relationships,0,0.090909091,Wikipedia,0,0.066666667,Money,2,0.066666667,Faith,0,0.066666667,Prosthetics,4,0.066666667,Violin,1,0.076923077,Inequality,2,0.066666667,,,,Public health
Future,3,0.066666667,Government,2,0.058823529,Math,4,0.066666667,Security,4,0.090909091,Architecture,3,0.066666667,Natural disaster,3,0.066666667,Future,3,0.066666667,Protests,2,0.066666667,Goal-setting,0,0.076923077,Iraq,2,0.066666667,,,,Race
Inequality,2,0.066666667,Green,3,0.058823529,Medical research,4,0.066666667,Sociology,0,0.090909091,Astronomy,4,0.066666667,Open-source,4,0.066666667,Illusion,1,0.066666667,Robots,4,0.066666667,Women,2,0.076923077,Marketing,2,0.066666667,,,,Relationships
Iraq,2,0.066666667,Language,0,0.058823529,Money,2,0.066666667,Weather,3,0.090909091,Biodiversity,3,0.066666667,Parenting,0,0.066666667,Library,1,0.066666667,Submarine,4,0.066666667,Guitar,1,0.076923077,Materials,4,0.066666667,,,,Religion
Library,1,0.066666667,Literature,1,0.058823529,Parenting,0,0.066666667,Urban planning,3,0.090909091,Biomechanics,4,0.066666667,Planets,4,0.066666667,Marketing,2,0.066666667,Wikipedia,0,0.066666667,Innovation,4,0.076923077,Medical research,4,0.066666667,,,,Robots
Museums,1,0.058823529,Microbiology,4,0.058823529,Planets,4,0.066666667,Asia,2,0.090909091,Cancer,4,0.066666667,Wikipedia,0,0.066666667,Materials,4,0.066666667,Astronomy,4,0.066666667,LGBT,0,0.076923077,Money,2,0.066666667,,,,Rocket science
Nature,3,0.058823529,Museums,1,0.058823529,Astronomy,4,0.066666667,Atheism,0,0.090909091,Charter for compassion,0,0.066666667,Prosthetics,4,0.066666667,Math,4,0.066666667,Biodiversity,3,0.066666667,Life,4,0.076923077,Natural disaster,3,0.066666667,,,,Science
Prison,2,0.058823529,Nature,3,0.058823529,Protests,2,0.066666667,Behavioral economics,0,0.090909091,Computers,4,0.066666667,Robots,4,0.066666667,Medical research,4,0.066666667,Biomechanics,4,0.066666667,Magic,1,0.076923077,Open-source,4,0.066666667,,,,Security
Self,0,0.058823529,Philosophy,0,0.058823529,Charter for compassion,0,0.066666667,Corruption,2,0.090909091,Decision-making,0,0.066666667,AI,4,0.066666667,Money,2,0.066666667,Cancer,4,0.066666667,Morality,0,0.076923077,Parenting,0,0.066666667,,,,Self
Simplicity,4,0.058823529,Space,4,0.058823529,Computers,4,0.066666667,#N/A,4,0.090909091,Evolution,4,0.066666667,Architecture,3,0.066666667,Robots,4,0.066666667,Decision-making,0,0.066666667,Peace,2,0.076923077,Prosthetics,4,0.066666667,,,,Senses
Space,4,0.058823529,Prison,2,0.058823529,Decision-making,0,0.066666667,Data,4,0.090909091,Faith,0,0.066666667,Astronomy,4,0.066666667,Open-source,4,0.066666667,Sustainability,3,0.063829787,Personal growth,0,0.076923077,Protests,2,0.066666667,,,,Sex
Creativity,1,0.058823529,Self,0,0.058823529,Evolution,4,0.066666667,Deextinction,4,0.090909091,Writing,1,0.063829787,Submarine,4,0.066666667,Planets,4,0.066666667,Writing,1,0.063829787,Play,4,0.076923077,Wikipedia,0,0.066666667,,,,Shopping
Democracy,2,0.058823529,Simplicity,4,0.058823529,Robots,4,0.066666667,Energy,3,0.090909091,Democracy,2,0.058823529,Biodiversity,3,0.066666667,AI,4,0.066666667,Democracy,2,0.058823529,Politics,2,0.076923077,Photography,1,0.063829787,,,,Sight
Fish,4,0.058823529,Energy,3,0.052631579,Faith,0,0.066666667,Genetics,4,0.090909091,Food,3,0.058823529,Creativity,1,0.058823529,Protests,2,0.066666667,Fish,4,0.058823529,Singer,1,0.076923077,Creativity,1,0.058823529,,,,Simplicity
Food,3,0.058823529,Science,4,0.052631579,Future,3,0.066666667,Presentation,4,0.090909091,Web,4,0.058823529,Fish,4,0.058823529,Architecture,3,0.066666667,Prison,2,0.058823529,Pollution,3,0.076923077,Democracy,2,0.058823529,,,,Singer
Microbiology,4,0.058823529,Social media,2,0.052631579,Illusion,1,0.066666667,Heart health,4,0.090909091,Government,2,0.058823529,Space,4,0.058823529,Writing,1,0.063829787,Food,3,0.058823529,Productivity,0,0.076923077,Food,3,0.058823529,,,,Skateboarding
Green,3,0.058823529,String theory,4,0.052631579,Submarine,4,0.066666667,Neurology,0,0.090909091,Green,3,0.058823529,Food,3,0.058823529,Culture,0,0.060240964,Government,2,0.058823529,Senses,4,0.076923077,Government,2,0.058823529,,,,Smell
Language,0,0.058823529,Trees,3,0.052631579,Marketing,2,0.066666667,Plastic,3,0.090909091,Language,0,0.058823529,Government,2,0.058823529,Philosophy,0,0.058823529,Green,3,0.058823529,Health care,4,0.074626866,Green,3,0.058823529,,,,Social change
Literature,1,0.058823529,Yesallwomen,2,0.052631579,Inequality,2,0.066666667,Pollution,3,0.076923077,Microbiology,4,0.058823529,Language,0,0.058823529,Microbiology,4,0.058823529,Language,0,0.058823529,Design,4,0.073170732,Literature,1,0.058823529,,,,Social media
Trees,3,0.052631579,Urban planning,3,0.047619048,Iraq,2,0.066666667,Morality,0,0.076923077,Philosophy,0,0.058823529,Literature,1,0.058823529,Self,0,0.058823529,Literature,1,0.058823529,Education,3,0.069767442,Museums,1,0.058823529,,,,Society
Energy,3,0.052631579,Poverty,2,0.047619048,Library,1,0.066666667,Senses,4,0.076923077,Prison,2,0.058823529,Microbiology,4,0.058823529,Creativity,1,0.058823529,Microbiology,4,0.058823529,Iraq,2,0.066666667,Philosophy,0,0.058823529,,,,Sociology
Interface design,4,0.052631579,Violence,2,0.047619048,Museums,1,0.058823529,Sex,3,0.076923077,Creativity,1,0.058823529,Museums,1,0.058823529,Simplicity,4,0.058823529,Creativity,1,0.058823529,Protests,2,0.066666667,Simplicity,4,0.058823529,,,,Software
Social media,2,0.052631579,Water,3,0.047619048,Language,0,0.058823529,DNA,4,0.076923077,Self,0,0.058823529,Nature,3,0.058823529,Democracy,2,0.058823529,Museums,1,0.058823529,Charter for compassion,0,0.066666667,Space,4,0.058823529,,,,Solar
Yesallwomen,2,0.052631579,Art,1,0.047619048,Nature,3,0.058823529,Engineering,4,0.076923077,Simplicity,4,0.058823529,Self,0,0.058823529,Fish,4,0.058823529,Self,0,0.058823529,Library,1,0.066666667,Energy,3,0.052631579,,,,Solar energy
String theory,4,0.052631579,Consciousness,0,0.047619048,Philosophy,0,0.058823529,Extraterrestrial life,4,0.076923077,Science,4,0.052631579,Science,4,0.052631579,Food,3,0.058823529,Nature,3,0.058823529,Robots,4,0.066666667,Social media,2,0.052631579,,,,Sound
Consciousness,0,0.047619048,Environment,3,0.047619048,Prison,2,0.058823529,Singer,1,0.076923077,Social media,2,0.052631579,String theory,4,0.052631579,Space,4,0.058823529,Space,4,0.058823529,Prosthetics,4,0.066666667,Yesallwomen,2,0.052631579,,,,Space
Environment,3,0.047619048,Storytelling,1,0.047619048,Democracy,2,0.058823529,Guitar,1,0.076923077,String theory,4,0.052631579,Trees,3,0.052631579,Green,3,0.058823529,Brain,0,0.056603774,Submarine,4,0.066666667,Art,1,0.047619048,,,,Speech
Law,2,0.047619048,Law,2,0.047619048,Literature,1,0.058823529,Neuroscience,0,0.076923077,Trees,3,0.052631579,Yesallwomen,2,0.052631579,Museums,1,0.058823529,Energy,3,0.052631579,Materials,4,0.066666667,Environment,3,0.047619048,,,,Spoken word
Poverty,2,0.047619048,Toy,4,0.047619048,Fish,4,0.058823529,Magic,1,0.076923077,Energy,3,0.052631579,Energy,3,0.052631579,Language,0,0.058823529,Interface design,4,0.052631579,AI,4,0.066666667,Law,2,0.047619048,,,,Sports
Storytelling,1,0.047619048,Product design,4,0.043478261,Self,0,0.058823529,State-building,2,0.076923077,Yesallwomen,2,0.052631579,Interface design,4,0.052631579,Nature,3,0.058823529,Science,4,0.052631579,Math,4,0.066666667,Poverty,2,0.047619048,,,,State-building
Toy,4,0.047619048,Sports,0,0.043478261,Simplicity,4,0.058823529,Statistics,2,0.076923077,Interface design,4,0.052631579,Water,3,0.047619048,Trees,3,0.052631579,Social media,2,0.052631579,Architecture,3,0.066666667,Storytelling,1,0.047619048,,,,Statistics
Urban planning,3,0.047619048,Philanthropy,2,0.043478261,Space,4,0.058823529,Time,4,0.076923077,Toy,4,0.047619048,Consciousness,0,0.047619048,Energy,3,0.052631579,String theory,4,0.052631579,Faith,0,0.066666667,Toy,4,0.047619048,,,,Storytelling
Violence,2,0.047619048,Third world,2,0.043478261,Microbiology,4,0.058823529,Universe,4,0.076923077,Urban planning,3,0.047619048,Software,4,0.047619048,Interface design,4,0.052631579,Trees,3,0.052631579,Cancer,4,0.066666667,Urban planning,3,0.047619048,,,,String theory
Water,3,0.047619048,Work,0,0.043478261,Brain,0,0.056603774,Play,4,0.076923077,Storytelling,1,0.047619048,Storytelling,1,0.047619048,Science,4,0.052631579,Yesallwomen,2,0.052631579,Medical research,4,0.066666667,Violence,2,0.047619048,,,,Student
Art,1,0.047619048,Cities,3,0.043478261,String theory,4,0.052631579,Design,4,0.073170732,Violence,2,0.047619048,Toy,4,0.047619048,Social media,2,0.052631579,Law,2,0.047619048,Money,2,0.066666667,Water,3,0.047619048,,,,Submarine
Health care,4,0.044776119,Film,1,0.043478261,Trees,3,0.052631579,Global issues,2,0.069767442,Water,3,0.047619048,Urban planning,3,0.047619048,String theory,4,0.052631579,Poverty,2,0.047619048,Open-source,4,0.066666667,Health care,4,0.044776119,,,,Success
Cities,3,0.043478261,Happiness,0,0.043478261,Social media,2,0.052631579,AI,4,0.066666667,Consciousness,0,0.047619048,Health care,4,0.044776119,Art,1,0.047619048,Environment,3,0.047619048,Parenting,0,0.066666667,Cities,3,0.043478261,,,,Surgery
Film,1,0.043478261,History,1,0.043478261,Yesallwomen,2,0.052631579,Robots,4,0.066666667,Law,2,0.047619048,Cities,3,0.043478261,Consciousness,0,0.047619048,Storytelling,1,0.047619048,Planets,4,0.066666667,Film,1,0.043478261,,,,Sustainability
Happiness,0,0.043478261,Internet,4,0.043478261,Science,4,0.052631579,Architecture,3,0.066666667,Poverty,2,0.047619048,Film,1,0.043478261,Environment,3,0.047619048,Toy,4,0.047619048,Illusion,1,0.066666667,Internet,4,0.043478261,,,,Technology
Work,0,0.043478261,Online video,1,0.043478261,Storytelling,1,0.047619048,Wikipedia,0,0.066666667,Software,4,0.047619048,Sports,0,0.043478261,Poverty,2,0.047619048,Urban planning,3,0.047619048,Prison,2,0.058823529,Online video,1,0.043478261,,,,TEDBooks
Internet,4,0.043478261,Investment,2,0.04,Art,1,0.047619048,Astronomy,4,0.066666667,Philanthropy,2,0.043478261,Happiness,0,0.043478261,Software,4,0.047619048,Violence,2,0.047619048,Creativity,1,0.058823529,Philanthropy,2,0.043478261,,,,TED Fellows
Philanthropy,2,0.043478261,TED Prize,3,0.04,Consciousness,0,0.047619048,Marketing,2,0.066666667,Cities,3,0.043478261,History,1,0.043478261,Toy,4,0.047619048,Water,3,0.047619048,Literature,1,0.058823529,Product design,4,0.043478261,,,,TED Prize
Product design,4,0.043478261,Women in business,2,0.04,Violence,2,0.047619048,Biomechanics,4,0.066666667,Product design,4,0.043478261,Work,0,0.043478261,Urban planning,3,0.047619048,Consciousness,0,0.047619048,Self,0,0.058823529,Third world,2,0.043478261,,,,TEDx
Sports,0,0.043478261,Youth,0,0.04,Environment,3,0.047619048,Evolution,4,0.066666667,Happiness,0,0.043478261,Internet,4,0.043478261,Water,3,0.047619048,Health care,4,0.044776119,Museums,1,0.058823529,Work,0,0.043478261,,,,Telecom
Third world,2,0.043478261,Theater,1,0.037037037,Law,2,0.047619048,Materials,4,0.066666667,Sports,0,0.043478261,Online video,1,0.043478261,Work,0,0.043478261,Third world,2,0.043478261,Simplicity,4,0.058823529,Investment,2,0.04,,,,Terrorism
Investment,2,0.04,Animals,4,0.037037037,Poverty,2,0.047619048,Faith,0,0.066666667,History,1,0.043478261,Product design,4,0.043478261,Cities,3,0.043478261,History,1,0.043478261,Nature,3,0.058823529,Piano,1,0.04,,,,Theater
TED Prize,3,0.04,Economics,2,0.037037037,Philanthropy,2,0.043478261,Math,4,0.066666667,Third world,2,0.043478261,Youth,0,0.04,Happiness,0,0.043478261,Internet,4,0.043478261,Space,4,0.058823529,TED Prize,3,0.04,,,,Third world
Women in business,2,0.04,Health,4,0.037037037,Third world,2,0.043478261,Future,3,0.066666667,Internet,4,0.043478261,Piano,1,0.04,Internet,4,0.043478261,Online video,1,0.043478261,Philosophy,0,0.058823529,Women in business,2,0.04,,,,Time
Youth,0,0.04,Mental health,0,0.037037037,Work,0,0.043478261,Medical research,4,0.066666667,Work,0,0.043478261,TED Prize,3,0.04,Online video,1,0.043478261,Philanthropy,2,0.043478261,String theory,4,0.052631579,Youth,0,0.04,,,,Toy
Economics,2,0.037037037,Psychology,0,0.037037037,Happiness,0,0.043478261,Illusion,1,0.066666667,Investment,2,0.04,Women in business,2,0.04,Product design,4,0.043478261,Sports,0,0.043478261,Trees,3,0.052631579,Economics,2,0.037037037,,,,Trafficking
Health,4,0.037037037,Media,2,0.034482759,History,1,0.043478261,Planets,4,0.066666667,Women in business,2,0.04,Animals,4,0.037037037,Investment,2,0.04,Business,2,0.04,Yesallwomen,2,0.052631579,Health,4,0.037037037,,,,Transportation
Mental health,0,0.037037037,Mission blue,4,0.034482759,Internet,4,0.043478261,Museums,1,0.058823529,Theater,1,0.037037037,Psychology,0,0.037037037,Youth,0,0.04,Youth,0,0.04,Interface design,4,0.052631579,Mental health,0,0.037037037,,,,Trees
Music,1,0.037037037,Society,0,0.034482759,Piano,1,0.04,Philosophy,0,0.058823529,Economics,2,0.037037037,Theater,1,0.037037037,Piano,1,0.04,Investment,2,0.04,Poverty,2,0.047619048,Music,1,0.037037037,,,,Typography
Psychology,0,0.037037037,TEDx,0,0.032258065,TED Prize,3,0.04,Fish,4,0.058823529,Gaming,1,0.037037037,Gaming,1,0.037037037,TED Prize,3,0.04,Piano,1,0.04,Toy,4,0.047619048,Theater,1,0.037037037,,,,United States
Culture,0,0.036144578,Medicine,4,0.032258065,Business,2,0.04,Language,0,0.058823529,Psychology,0,0.037037037,Mental health,0,0.037037037,Women in business,2,0.04,TED Prize,3,0.04,Art,1,0.047619048,Invention,4,0.034482759,,,,Universe
Invention,4,0.034482759,Social change,2,0.03030303,Women in business,2,0.04,Web,4,0.058823529,Invention,4,0.034482759,Music,1,0.037037037,Animals,4,0.037037037,Theater,1,0.037037037,Violence,2,0.047619048,Media,2,0.034482759,,,,Urban planning
Mission blue,4,0.034482759,Terrorism,2,0.03030303,Investment,2,0.04,Microbiology,4,0.058823529,Mission blue,4,0.034482759,Culture,0,0.036144578,Gaming,1,0.037037037,Animals,4,0.037037037,Consciousness,0,0.047619048,Society,0,0.034482759,,,,Vaccines
Media,2,0.034482759,Public health,4,0.028571429,Psychology,0,0.037037037,Energy,3,0.052631579,Media,2,0.034482759,Invention,4,0.034482759,Economics,2,0.037037037,Health,4,0.037037037,Third world,2,0.043478261,Medicine,4,0.032258065,,,,Violence
Society,0,0.034482759,Transportation,3,0.028571429,Animals,4,0.037037037,Science,4,0.052631579,Society,0,0.034482759,Society,0,0.034482759,Music,1,0.037037037,Music,1,0.037037037,Cities,3,0.043478261,TEDx,0,0.032258065,,,,Violin
Medicine,4,0.032258065,Performance,1,0.027027027,Mental health,0,0.037037037,Interface design,4,0.052631579,Medicine,4,0.032258065,Media,2,0.034482759,Society,0,0.034482759,Economics,2,0.037037037,Work,0,0.043478261,Social change,2,0.03030303,,,,Virus
Terrorism,2,0.03030303,Poetry,1,0.027027027,Economics,2,0.037037037,String theory,4,0.052631579,TEDx,0,0.032258065,TEDx,0,0.032258065,Invention,4,0.034482759,Mental health,0,0.037037037,Happiness,0,0.043478261,Terrorism,2,0.03030303,,,,Visualizations
Social change,2,0.03030303,Politics,2,0.025641026,Music,1,0.037037037,Art,1,0.047619048,Social change,2,0.03030303,Terrorism,2,0.03030303,Mission blue,4,0.034482759,Psychology,0,0.037037037,Film,1,0.043478261,Live music,1,0.028571429,,,,Vocals
Transportation,3,0.028571429,Entertainment,1,0.024390244,Mission blue,4,0.034482759,Software,4,0.047619048,Terrorism,2,0.03030303,Live music,1,0.028571429,TEDx,0,0.032258065,Culture,0,0.036144578,Philanthropy,2,0.043478261,Public health,4,0.028571429,,,,War
Public health,4,0.028571429,TED Fellows,4,0.024390244,Society,0,0.034482759,Toy,4,0.047619048,Public health,4,0.028571429,Performance,1,0.027027027,Live music,1,0.028571429,Media,2,0.034482759,Piano,1,0.04,Performance,1,0.027027027,,,,Water
Politics,2,0.025641026,Design,4,0.024390244,Media,2,0.034482759,Water,3,0.047619048,Transportation,3,0.028571429,Poetry,1,0.027027027,Transportation,3,0.028571429,Medicine,4,0.032258065,TED Prize,3,0.04,Poetry,1,0.027027027,,,,Weather
War,2,0.024390244,Education,3,0.023255814,Social change,2,0.03030303,Consciousness,0,0.047619048,Politics,2,0.025641026,TED Fellows,4,0.024390244,Performance,1,0.027027027,Live music,1,0.028571429,Theater,1,0.037037037,Politics,2,0.025641026,,,,Web
Biology,4,0.024390244,Global issues,2,0.023255814,Terrorism,2,0.03030303,History,1,0.043478261,TED Fellows,4,0.024390244,Visualizations,4,0.024390244,Entertainment,1,0.024390244,Public health,4,0.028571429,Invention,4,0.034482759,TED Fellows,4,0.024390244,,,,Wikipedia
TED Fellows,4,0.024390244,Humor,1,0.022222222,Live music,1,0.028571429,Product design,4,0.043478261,War,2,0.024390244,Biology,4,0.024390244,TED Fellows,4,0.024390244,Politics,2,0.025641026,Media,2,0.034482759,War,2,0.024390244,,,,Urban planning
Visualizations,4,0.024390244,Photography,1,0.021276596,Performance,1,0.027027027,Piano,1,0.04,Biology,4,0.024390244,Design,4,0.024390244,Visualizations,4,0.024390244,Biology,4,0.024390244,Live music,1,0.028571429,Education,3,0.023255814,,,,Women
Education,3,0.023255814,Sustainability,3,0.021276596,Poetry,1,0.027027027,Mission blue,4,0.034482759,Design,4,0.024390244,Entertainment,1,0.024390244,Biology,4,0.024390244,Entertainment,1,0.024390244,Performance,1,0.027027027,Global issues,2,0.023255814,,,,Women in business
Global issues,2,0.023255814,Writing,1,0.021276596,Politics,2,0.025641026,TEDx,0,0.032258065,Education,3,0.023255814,Education,3,0.023255814,Design,4,0.024390244,TED Fellows,4,0.024390244,Entertainment,1,0.024390244,Humor,1,0.022222222,,,,Work
Arts,1,0.022222222,Web,4,0.019607843,Education,3,0.023255814,Transportation,3,0.028571429,Global issues,2,0.023255814,Arts,1,0.022222222,Arts,1,0.022222222,Visualizations,4,0.024390244,Visualizations,4,0.024390244,Sustainability,3,0.021276596,,,,World cultures
Sustainability,3,0.021276596,Brain,0,0.018867925,Humor,1,0.022222222,Visualizations,4,0.024390244,Sustainability,3,0.021276596,Humor,1,0.022222222,Humor,1,0.022222222,War,2,0.024390244,Humor,1,0.022222222,Writing,1,0.021276596,,,,Writing
Photography,1,0.021276596,Health care,4,0.014925373,Writing,1,0.021276596,TED Fellows,4,0.024390244,Brain,0,0.018867925,Photography,1,0.021276596,Sustainability,3,0.021276596,Global issues,2,0.023255814,Arts,1,0.022222222,Web,4,0.019607843,,,,Wunderkind
Brain,0,0.018867925,Business,2,0.013333333,Photography,1,0.021276596,Biology,4,0.024390244,Health care,4,0.014925373,Web,4,0.019607843,Web,4,0.019607843,Education,3,0.023255814,Photography,1,0.021276596,Business,2,0.013333333,,,,Yesallwomen
Business,2,0.013333333,Culture,0,0.012048193,Culture,0,0.012048193,Brain,0,0.018867925,Business,2,0.013333333,Brain,0,0.018867925,Brain,0,0.018867925,Humor,1,0.022222222,Web,4,0.019607843,Culture,0,0.012048193,,,,Youth
