topic,label,Funny,topic,label,Jaw-dropping,topic,label,Ingenious,topic,label,Inspiring,topic,label,Beautiful,topic,label,Persuasive,topic,label,Courageous,topic,label,Obnoxious,topic,label,Informative,topic,label,Fascinating
prediction,4,0.7142857,rocketscience,4,0.6,egypt,2,0.7142857,wunderkind,1,0.7142857,solar,3,0.7142857,birds,3,0.6,crime,2,0.6,microsoft,4,0.6,interview,1,0.7777778,monkeys,0,0.7142857
neurology,0,0.6363636,illness,4,0.4285714,apes,4,0.6,sex,3,0.6923077,microsoft,4,0.6,comedy,1,0.6,books,3,0.6,cognitivescience,0,0.6,macarthurgrant,4,0.7142857,apes,4,0.6
biosphere,3,0.6363636,vocals,1,0.4285714,rocketscience,4,0.6,life,4,0.6923077,nanoscale,4,0.6,cyborg,4,0.6,policy,2,0.6,men,2,0.4285714,windenergy,3,0.6363636,cosmos,4,0.6
bigbang,4,0.6,middleeast,2,0.4285714,population,0,0.6,crime,2,0.6,aircraft,4,0.6,marketing,2,0.4666667,nuclearweapons,3,0.6,planets,4,0.3333333,cosmos,4,0.6,meditation,0,0.6
cello,1,0.6,military,2,0.4285714,unitedstates,1,0.6,books,3,0.6,bigbang,4,0.6,success,0,0.4545455,dance,1,0.6,sound,4,0.3333333,meditation,0,0.6,disasterrelief,3,0.6
curiosity,4,0.6,performanceart,1,0.4285714,cars,3,0.4285714,policy,2,0.6,epidemiology,4,0.6,composing,1,0.4285714,nasa,4,0.6,motivation,0,0.2727273,disasterrelief,3,0.6,consumerism,2,0.6
exoskeleton,4,0.4285714,complexity,4,0.4285714,privacy,4,0.4285714,nanoscale,4,0.6,surgery,4,0.6,ants,3,0.4285714,hack,4,0.6,asia,2,0.2727273,consumerism,2,0.6,smell,4,0.6
privacy,4,0.4285714,journalism,2,0.4285714,europe,2,0.4285714,aircraft,4,0.6,dinosaurs,4,0.6,military,2,0.4285714,sex,3,0.5384615,neuroscience,0,0.2307692,smell,4,0.6,magic,1,0.6
community,0,0.4285714,fashion,0,0.4285714,ants,3,0.4285714,mobility,3,0.6,latinamerica,3,0.5555556,oceans,4,0.4285714,asia,2,0.4545455,peace,2,0.2307692,comedy,1,0.6,goalsetting,0,0.5384615
disease,4,0.4285714,extremesports,0,0.3333333,identity,0,0.4285714,chautauqua,0,0.6,computers,4,0.4666667,death,0,0.4285714,exoskeleton,4,0.4285714,computers,4,0.2,cyborg,4,0.6,violin,1,0.5384615
disability,0,0.4285714,biotech,4,0.3333333,drones,4,0.4285714,agriculture,3,0.6,exoskeleton,4,0.4285714,statebuilding,2,0.3846154,algorithm,4,0.4285714,crime,2,0.2,finance,2,0.6,insects,3,0.5384615
foreignpolicy,2,0.4285714,africa,2,0.3333333,complexity,4,0.4285714,choice,0,0.6,algorithm,4,0.4285714,senses,4,0.3846154,cars,3,0.4285714,books,3,0.2,debate,2,0.6,wikipedia,0,0.5384615
men,2,0.4285714,water,3,0.3333333,violin,1,0.3846154,skateboarding,4,0.6,vocals,1,0.4285714,play,4,0.3846154,illness,4,0.4285714,policy,2,0.2,children,3,0.5555556,iraq,2,0.4666667
death,0,0.4285714,simplicity,4,0.2941176,wikipedia,0,0.3333333,jazz,1,0.6,spokenword,1,0.4285714,trees,3,0.3684211,demo,4,0.4285714,nuclearweapons,3,0.2,flight,4,0.5555556,prosthetics,4,0.4666667
religion,0,0.4285714,worldcultures,2,0.2727273,submarine,4,0.3333333,origami,1,0.6,microfinance,2,0.4285714,faith,0,0.3333333,nature,3,0.4117647,dance,1,0.2,leadership,0,0.5555556,energy,3,0.4666667
astronomy,4,0.3333333,deextinction,4,0.2727273,aids,2,0.3333333,empathy,0,0.6,performanceart,1,0.4285714,botany,3,0.3333333,astronomy,4,0.3333333,nasa,4,0.2,philosophy,0,0.5294118,deextinction,4,0.4545455
iran,2,0.3333333,hearthealth,4,0.2727273,extremesports,0,0.3333333,nuclearenergy,4,0.6,disability,0,0.4285714,climatechange,3,0.3333333,botany,3,0.3333333,hack,4,0.2,cities,3,0.4782609,corruption,2,0.4545455
humanorigins,4,0.3333333,motivation,0,0.2727273,materials,4,0.3333333,botany,3,0.5555556,oceans,4,0.4285714,paleontology,4,0.3333333,climatechange,3,0.3333333,apes,4,0.2,prosthetics,4,0.4666667,genetics,4,0.4545455
race,1,0.3333333,theater,1,0.2592593,sight,4,0.3333333,extremesports,0,0.5555556,planets,4,0.3333333,iran,2,0.3333333,future,3,0.3333333,birds,3,0.2,parenting,0,0.4666667,composing,1,0.4545455
evolution,4,0.3333333,media,2,0.2413793,student,3,0.3333333,biotech,4,0.5555556,library,1,0.3333333,humanorigins,4,0.3333333,oil,3,0.3333333,nanoscale,4,0.2,robots,4,0.4666667,vocals,1,0.4285714
map,4,0.3333333,personalgrowth,0,0.2307692,islam,2,0.3333333,solarenergy,3,0.5555556,botany,3,0.3333333,newyork,1,0.3333333,primates,3,0.3333333,aircraft,4,0.2,asia,2,0.4545455,spokenword,1,0.4285714
islam,2,0.3333333,tedbooks,4,0.2307692,inequality,2,0.3333333,google,2,0.5555556,aids,2,0.3333333,opensource,4,0.3333333,sight,4,0.3333333,bigbang,4,0.2,industrialdesign,4,0.4545455,microfinance,2,0.4285714
flight,4,0.3333333,telecom,2,0.2307692,film,1,0.3043478,iran,2,0.5555556,africa,2,0.3333333,evolution,4,0.3333333,children,3,0.3333333,epidemiology,4,0.2,presentation,4,0.4545455,christianity,0,0.4285714
deextinction,4,0.2727273,universe,4,0.2307692,space,4,0.2941176,africa,2,0.5555556,race,1,0.3333333,sight,4,0.3333333,green,3,0.2941176,surgery,4,0.2,security,4,0.4545455,privacy,4,0.4285714
sociology,0,0.2727273,onlinevideo,1,0.2173913,sociology,0,0.2727273,china,2,0.5555556,intelligence,4,0.3333333,bees,3,0.3333333,arts,1,0.2888889,dinosaurs,4,0.2,men,2,0.4285714,europe,2,0.4285714
speech,4,0.2727273,computers,4,0.2,behavioraleconomics,0,0.2727273,tedprize,3,0.52,iraq,2,0.3333333,map,4,0.3333333,womeninbusiness,2,0.28,mobility,3,0.2,oceans,4,0.4285714,middleeast,2,0.4285714
behavioraleconomics,0,0.2727273,microsoft,4,0.2,depression,0,0.2727273,protests,2,0.4666667,physics,4,0.3333333,fear,0,0.3333333,atheism,0,0.2727273,chautauqua,0,0.2,shopping,2,0.4285714,community,0,0.4285714
terrorism,2,0.2727273,cognitivescience,0,0.2,plastic,3,0.2727273,materials,4,0.4666667,islam,2,0.3333333,inequality,2,0.3333333,worldcultures,2,0.2727273,agriculture,3,0.2,technology,4,0.4285714,disease,4,0.4285714
motivation,0,0.2727273,crime,2,0.2,darkmatter,4,0.2727273,atheism,0,0.4545455,creativity,1,0.2941176,architecture,3,0.3333333,relationships,0,0.2727273,choice,0,0.2,death,0,0.4285714,failure,0,0.4285714
genetics,4,0.2727273,books,3,0.2,data,4,0.2727273,worldcultures,2,0.4545455,worldcultures,2,0.2727273,interview,1,0.3333333,depression,0,0.2727273,skateboarding,4,0.2,religion,0,0.4285714,oceans,4,0.4285714
presentation,4,0.2727273,policy,2,0.2,water,3,0.2380952,feminism,2,0.4545455,hearthealth,4,0.2727273,energy,3,0.2727273,industrialdesign,4,0.2727273,jazz,1,0.2,internet,4,0.3913043,shopping,2,0.4285714
alternativeenergy,3,0.2631579,nuclearweapons,3,0.2,women,2,0.2307692,behavioraleconomics,0,0.4545455,onelaptopperchild,2,0.2727273,deextinction,4,0.2727273,violence,2,0.2380952,origami,1,0.2,peace,2,0.3846154,technology,4,0.4285714
yesallwomen,2,0.2631579,dance,1,0.2,development,2,0.2307692,relationships,0,0.4545455,neurology,0,0.2727273,god,0,0.2727273,law,2,0.2380952,empathy,0,0.2,statistics,2,0.3846154,macarthurgrant,4,0.4285714
socialmedia,2,0.2631579,nasa,4,0.2,innovation,4,0.2307692,conducting,1,0.4545455,speech,4,0.2727273,entrepreneur,2,0.2727273,women,2,0.2307692,nuclearenergy,4,0.2,insects,3,0.3846154,socialchange,2,0.4285714
consciousness,0,0.2380952,hack,4,0.2,productivity,0,0.2307692,industrialdesign,4,0.4545455,weather,3,0.2727273,feminism,2,0.2727273,development,2,0.2307692,rocketscience,4,0.2,engineering,4,0.3846154,women,2,0.3939394
software,4,0.2380952,apes,4,0.2,personalgrowth,0,0.2307692,violence,2,0.4285714,garden,3,0.2727273,sociology,0,0.2727273,innovation,4,0.2307692,population,0,0.2,dna,4,0.3846154,productivity,0,0.3846154
time,4,0.2307692,teded,#N/A,0.2,guitar,1,0.2307692,cars,3,0.4285714,data,4,0.2727273,biosphere,3,0.2727273,goalsetting,0,0.2307692,unitedstates,1,0.2,pollution,3,0.3846154,tedbooks,4,0.3846154
guitar,1,0.2307692,birds,3,0.2,tedbooks,4,0.2307692,illness,4,0.4285714,security,4,0.2727273,terrorism,2,0.2727273,statistics,2,0.2307692,cello,1,0.2,obesity,3,0.3846154,telecom,2,0.3846154
universe,4,0.2307692,nanoscale,4,0.2,telecom,2,0.2307692,demo,4,0.4285714,alternativeenergy,3,0.2631579,corruption,2,0.2727273,computers,4,0.2,curiosity,4,0.2,singer,1,0.3846154,statistics,2,0.3846154
lgbt,0,0.2307692,aircraft,4,0.2,universe,4,0.2307692,vocals,1,0.4285714,health,4,0.2592593,conducting,1,0.2727273,microsoft,4,0.2,advertising,2,0.2,vaccines,4,0.3846154,engineering,4,0.3846154
engineering,4,0.2307692,bigbang,4,0.2,lgbt,0,0.2307692,spokenword,1,0.4285714,poverty,2,0.2380952,typography,1,0.2727273,cognitivescience,0,0.2,anthropology,0,0.2,morality,0,0.3846154,medicalresearch,4,0.3846154
morality,0,0.2307692,epidemiology,4,0.2,peace,2,0.2307692,microfinance,2,0.4285714,sex,3,0.2307692,industrialdesign,4,0.2727273,apes,4,0.2,cloud,4,0.2,society,0,0.3793103,botany,3,0.3333333
philanthropy,2,0.2173913,surgery,4,0.2,dna,4,0.2307692,christianity,0,0.4285714,development,2,0.2307692,presentation,4,0.2727273,birds,3,0.2,mind,0,0.2,trees,3,0.3684211,paleontology,4,0.3333333
happiness,0,0.2173913,dinosaurs,4,0.2,pollution,3,0.2307692,performanceart,1,0.4285714,statebuilding,2,0.2307692,windenergy,3,0.2727273,nanoscale,4,0.2,moon,4,0.2,performance,1,0.3513514,aids,2,0.3333333
thirdworld,2,0.2173913,mobility,3,0.2,productdesign,4,0.2173913,identity,0,0.4285714,tedbooks,4,0.2307692,stringtheory,4,0.2631579,aircraft,4,0.2,pandemic,4,0.2,education,3,0.3488372,extremesports,0,0.3333333
computers,4,0.2,chautauqua,0,0.2,history,1,0.2173913,drones,4,0.4285714,play,4,0.2307692,yesallwomen,2,0.2631579,bigbang,4,0.2,book,1,0.2,storytelling,1,0.3333333,biotech,4,0.3333333
wikipedia,0,0.2,agriculture,3,0.2,internet,4,0.2173913,foreignpolicy,2,0.4285714,universe,4,0.2307692,art,1,0.2380952,epidemiology,4,0.2,brazil,3,0.2,oil,3,0.3333333,solarenergy,3,0.3333333
library,1,0.2,choice,0,0.2,computers,4,0.2,news,2,0.4285714,vaccines,4,0.2307692,environment,3,0.2380952,surgery,4,0.2,brand,1,0.2,primates,3,0.3333333,google,2,0.3333333
faith,0,0.2,skateboarding,4,0.2,youth,0,0.2,shopping,2,0.4285714,morality,0,0.2307692,women,2,0.2307692,dinosaurs,4,0.2,money,2,0.2,sight,4,0.3333333,psychology,0,0.3333333
microsoft,4,0.2,jazz,1,0.2,microsoft,4,0.2,death,0,0.4285714,design,4,0.2195122,magic,1,0.2307692,mobility,3,0.2,illusion,1,0.2,bees,3,0.3333333,money,2,0.3333333
cognitivescience,0,0.2,origami,1,0.2,cognitivescience,0,0.2,design,4,0.4146341,work,0,0.2173913,productivity,0,0.2307692,chautauqua,0,0.2,investment,2,0.2,physics,4,0.3333333,protests,2,0.3333333
crime,2,0.2,empathy,0,0.2,crime,2,0.2,history,1,0.3913043,internet,4,0.2173913,violin,1,0.2307692,agriculture,3,0.2,cosmos,4,0.2,student,3,0.3333333,decisionmaking,0,0.3333333
books,3,0.2,nuclearenergy,4,0.2,books,3,0.2,innovation,4,0.3846154,socialchange,2,0.2121212,insects,3,0.2307692,choice,0,0.2,meditation,0,0.2,trafficking,2,0.3333333,naturaldisaster,3,0.3333333
policy,2,0.2,population,0,0.2,policy,2,0.2,tedbooks,4,0.3846154,wikipedia,0,0.2,singer,1,0.2307692,skateboarding,4,0.2,disasterrelief,3,0.2,map,4,0.3333333,charterforcompassion,0,0.3333333
nuclearweapons,3,0.2,unitedstates,1,0.2,nuclearweapons,3,0.2,play,4,0.3846154,submarine,4,0.2,tedx,0,0.2258065,jazz,1,0.2,consumerism,2,0.2,fear,0,0.3333333,poverty,2,0.3333333
dance,1,0.2,cello,1,0.2,dance,1,0.2,vaccines,4,0.3846154,cognitivescience,0,0.2,visualizations,4,0.2195122,origami,1,0.2,smell,4,0.2,islam,2,0.3333333,water,3,0.3333333
nasa,4,0.2,curiosity,4,0.2,nasa,4,0.2,womeninbusiness,2,0.36,crime,2,0.2,war,2,0.2195122,empathy,0,0.2,comedy,1,0.2,inequality,2,0.3333333,oil,3,0.3333333
hack,4,0.2,advertising,2,0.2,hack,4,0.2,submarine,4,0.3333333,books,3,0.2,happiness,0,0.2173913,nuclearenergy,4,0.2,cyborg,4,0.2,math,4,0.3333333,primates,3,0.3333333
apes,4,0.2,anthropology,0,0.2,birds,3,0.2,sound,4,0.3333333,policy,2,0.2,education,3,0.2093023,rocketscience,4,0.2,finance,2,0.2,architecture,3,0.3333333,bees,3,0.3333333
teded,#N/A,0.2,cloud,4,0.2,nanoscale,4,0.2,climatechange,3,0.3333333,nuclearweapons,3,0.2,planets,4,0.2,population,0,0.2,debate,2,0.2,ai,4,0.3333333,physics,4,0.3333333
birds,3,0.2,mind,0,0.2,aircraft,4,0.2,latinamerica,3,0.3333333,dance,1,0.2,astronomy,4,0.2,unitedstates,1,0.2,space,4,0.2,software,4,0.3333333,student,3,0.3333333
nanoscale,4,0.2,moon,4,0.2,bigbang,4,0.2,race,1,0.3333333,nasa,4,0.2,medicalresearch,4,0.2,cello,1,0.2,stringtheory,4,0.1764706,livemusic,1,0.3142857,trafficking,2,0.3333333
aircraft,4,0.2,pandemic,4,0.2,epidemiology,4,0.2,toy,4,0.3333333,hack,4,0.2,microsoft,4,0.2,curiosity,4,0.2,exoskeleton,4,0.1578947,missionblue,4,0.3103448,inequality,2,0.3333333
epidemiology,4,0.2,book,1,0.2,surgery,4,0.2,evolution,4,0.3333333,apes,4,0.2,cognitivescience,0,0.2,advertising,2,0.2,algorithm,4,0.1428571,history,1,0.3043478,math,4,0.3333333
surgery,4,0.2,brazil,3,0.2,dinosaurs,4,0.2,biodiversity,3,0.3333333,birds,3,0.2,crime,2,0.2,anthropology,0,0.2,cars,3,0.1428571,space,4,0.2941176,parenting,0,0.3333333
dinosaurs,4,0.2,brand,1,0.2,mobility,3,0.2,law,2,0.3333333,mobility,3,0.2,books,3,0.2,cloud,4,0.2,illness,4,0.1428571,simplicity,4,0.2941176,sports,0,0.3333333
mobility,3,0.2,illusion,1,0.2,chautauqua,0,0.2,oil,3,0.3333333,chautauqua,0,0.2,policy,2,0.2,mind,0,0.2,demo,4,0.1428571,literature,1,0.2941176,thirdworld,2,0.3043478
chautauqua,0,0.2,protests,2,0.2,agriculture,3,0.2,sight,4,0.3333333,agriculture,3,0.2,nuclearweapons,3,0.2,moon,4,0.2,monkeys,0,0.1428571,government,2,0.2941176,internet,4,0.3043478
agriculture,3,0.2,opensource,4,0.2,choice,0,0.2,bees,3,0.3333333,choice,0,0.2,dance,1,0.2,pandemic,4,0.2,composing,1,0.1428571,democracy,2,0.2941176,performance,1,0.3043478
choice,0,0.2,materials,4,0.2,skateboarding,4,0.2,student,3,0.3333333,skateboarding,4,0.2,nasa,4,0.2,book,1,0.2,vocals,1,0.1428571,museums,1,0.2941176,food,3,0.2972973
skateboarding,4,0.2,parenting,0,0.2,jazz,1,0.2,trafficking,2,0.3333333,jazz,1,0.2,hack,4,0.2,brazil,3,0.2,spokenword,1,0.1428571,fish,4,0.2941176,green,3,0.2941176
jazz,1,0.2,cosmos,4,0.2,origami,1,0.2,healthcare,4,0.3134328,origami,1,0.2,apes,4,0.2,brand,1,0.2,microfinance,2,0.1428571,prison,2,0.2941176,simplicity,4,0.2941176
origami,1,0.2,meditation,0,0.2,empathy,0,0.2,film,1,0.3043478,empathy,0,0.2,nanoscale,4,0.2,protests,2,0.2,christianity,0,0.1428571,microbiology,4,0.2941176,literature,1,0.2941176
empathy,0,0.2,disasterrelief,3,0.2,nuclearenergy,4,0.2,philanthropy,2,0.3043478,nuclearenergy,4,0.2,aircraft,4,0.2,opensource,4,0.2,privacy,4,0.1428571,humor,1,0.2888889,humor,1,0.2941176
nuclearenergy,4,0.2,consumerism,2,0.2,cello,1,0.2,sports,0,0.3043478,rocketscience,4,0.2,bigbang,4,0.2,cosmos,4,0.2,europe,2,0.1428571,womeninbusiness,2,0.28,atheism,0,0.2888889
rocketscience,4,0.2,smell,4,0.2,curiosity,4,0.2,happiness,0,0.3043478,population,0,0.2,epidemiology,4,0.2,meditation,0,0.2,middleeast,2,0.1428571,motivation,0,0.2727273,god,0,0.2727273
population,0,0.2,comedy,1,0.2,advertising,2,0.2,cities,3,0.3043478,unitedstates,1,0.2,surgery,4,0.2,disasterrelief,3,0.2,community,0,0.1428571,relationships,0,0.2727273,entrepreneur,2,0.2727273
unitedstates,1,0.2,cyborg,4,0.2,anthropology,0,0.2,nature,3,0.2941176,cello,1,0.2,dinosaurs,4,0.2,consumerism,2,0.2,disease,4,0.1428571,depression,0,0.2727273,hearthealth,4,0.2727273
advertising,2,0.2,finance,2,0.2,cloud,4,0.2,green,3,0.2941176,curiosity,4,0.2,mobility,3,0.2,smell,4,0.2,failure,0,0.1428571,corruption,2,0.2727273,onelaptopperchild,2,0.2727273
anthropology,0,0.2,debate,2,0.2,mind,0,0.2,literature,1,0.2941176,advertising,2,0.2,chautauqua,0,0.2,comedy,1,0.2,ants,3,0.1428571,genetics,4,0.2727273,neurology,0,0.2727273
cloud,4,0.2,politics,2,0.1794872,moon,4,0.2,government,2,0.2941176,anthropology,0,0.2,agriculture,3,0.2,cyborg,4,0.2,military,2,0.1428571,conducting,1,0.2727273,conducting,1,0.2727273
mind,0,0.2,nature,3,0.1764706,pandemic,4,0.2,microbiology,4,0.2941176,cloud,4,0.2,choice,0,0.2,finance,2,0.2,solar,3,0.1428571,garden,3,0.2727273,garden,3,0.2727273
moon,4,0.2,creativity,1,0.1764706,book,1,0.2,tedx,0,0.2903226,mind,0,0.2,skateboarding,4,0.2,debate,2,0.2,performanceart,1,0.1428571,plastic,3,0.2727273,plastic,3,0.2727273
pandemic,4,0.2,self,0,0.1764706,brazil,3,0.2,brain,0,0.2830189,moon,4,0.2,jazz,1,0.2,writing,1,0.2,disability,0,0.1428571,darkmatter,4,0.2727273,darkmatter,4,0.2727273
book,1,0.2,space,4,0.1764706,brand,1,0.2,energy,3,0.2727273,pandemic,4,0.2,origami,1,0.2,psychology,0,0.1914894,wunderkind,1,0.1428571,typography,1,0.2727273,presentation,4,0.2727273
brazil,3,0.2,fish,4,0.1764706,money,2,0.2,god,0,0.2727273,book,1,0.2,empathy,0,0.2,economics,2,0.1851852,identity,0,0.1428571,data,4,0.2727273,security,4,0.2727273
brand,1,0.2,entertainment,1,0.1707317,illusion,1,0.2,hearthealth,4,0.2727273,brazil,3,0.2,nuclearenergy,4,0.2,mentalhealth,0,0.1851852,drones,4,0.1428571,war,2,0.2682927,windenergy,3,0.2727273
money,2,0.2,socialmedia,2,0.1578947,charterforcompassion,0,0.2,onelaptopperchild,2,0.2727273,brand,1,0.2,rocketscience,4,0.2,gaming,1,0.1851852,foreignpolicy,2,0.1428571,socialmedia,2,0.2631579,theater,1,0.2727273
future,3,0.2,art,1,0.1428571,cancer,4,0.2,speech,4,0.2727273,illusion,1,0.2,population,0,0.2,creativity,1,0.1851852,news,2,0.1428571,gaming,1,0.2592593,culture,0,0.2592593
opensource,4,0.2,exoskeleton,4,0.1428571,biomechanics,4,0.2,motivation,0,0.2727273,future,3,0.2,unitedstates,1,0.2,self,0,0.1764706,egypt,2,0.1428571,health,4,0.2592593,brain,0,0.253012
decisionmaking,0,0.2,algorithm,4,0.1428571,publichealth,4,0.2,depression,0,0.2727273,decisionmaking,0,0.2,cello,1,0.2,language,0,0.1764706,complexity,4,0.1428571,brain,0,0.245283,arts,1,0.245283
biodiversity,3,0.2,cars,3,0.1428571,parenting,0,0.2,typography,1,0.2727273,biodiversity,3,0.2,curiosity,4,0.2,philosophy,0,0.1764706,journalism,2,0.1428571,arts,1,0.2444444,media,2,0.2444444
biomechanics,4,0.2,demo,4,0.1428571,cosmos,4,0.2,presentation,4,0.2727273,architecture,3,0.2,advertising,2,0.2,healthcare,4,0.1764706,fashion,0,0.1428571,poverty,2,0.2380952,missionblue,4,0.2413793
publichealth,4,0.2,monkeys,0,0.1428571,meditation,0,0.2,security,4,0.2727273,prosthetics,4,0.2,anthropology,0,0.2,science,4,0.1641791,prediction,4,0.1428571,consciousness,0,0.2380952,society,0,0.2413793
architecture,3,0.2,composing,1,0.1428571,disasterrelief,3,0.2,entertainment,1,0.2682927,robots,4,0.2,cloud,4,0.2,art,1,0.1578947,memory,1,0.1428571,law,2,0.2380952,toy,4,0.2413793
robots,4,0.2,spokenword,1,0.1428571,consumerism,2,0.2,trees,3,0.2631579,cosmos,4,0.2,mind,0,0.2,monkeys,0,0.1428571,glacier,1,0.1428571,water,3,0.2380952,urbanplanning,3,0.2380952
cosmos,4,0.2,microfinance,2,0.1428571,smell,4,0.2,arts,1,0.2444444,meditation,0,0.2,moon,4,0.2,composing,1,0.1428571,pain,0,0.1428571,neuroscience,0,0.2307692,storytelling,1,0.2380952
meditation,0,0.2,christianity,0,0.1428571,comedy,1,0.2,missionblue,4,0.2413793,disasterrelief,3,0.2,pandemic,4,0.2,vocals,1,0.1428571,exploration,4,0.1428571,goalsetting,0,0.2307692,writing,1,0.2380952
disasterrelief,3,0.2,privacy,4,0.1428571,cyborg,4,0.2,environment,3,0.2380952,consumerism,2,0.2,book,1,0.2,spokenword,1,0.1428571,communication,0,0.1428571,violin,1,0.2307692,personalgrowth,0,0.2340426
consumerism,2,0.2,europe,2,0.1428571,finance,2,0.2,poverty,2,0.2380952,smell,4,0.2,brazil,3,0.2,microfinance,2,0.1428571,poverty,2,0.1428571,tedbooks,4,0.2307692,time,4,0.2307692
smell,4,0.2,community,0,0.1428571,debate,2,0.2,software,4,0.2380952,comedy,1,0.2,brand,1,0.2,christianity,0,0.1428571,consciousness,0,0.1428571,telecom,2,0.2307692,extraterrestriallife,4,0.2307692
comedy,1,0.2,disease,4,0.1428571,poetry,1,0.2,photography,1,0.2340426,cyborg,4,0.2,illusion,1,0.2,privacy,4,0.1428571,storytelling,1,0.1428571,play,4,0.2307692,neuroscience,0,0.2307692
cyborg,4,0.2,failure,0,0.1428571,food,3,0.1891892,magic,1,0.2307692,finance,2,0.2,future,3,0.2,europe,2,0.1428571,oceans,4,0.1428571,universe,4,0.2307692,play,4,0.2307692
finance,2,0.2,ants,3,0.1428571,creativity,1,0.1764706,productivity,0,0.2307692,debate,2,0.2,iraq,2,0.2,middleeast,2,0.1428571,shopping,2,0.1428571,life,4,0.2307692,peace,2,0.2307692
debate,2,0.2,solar,3,0.1428571,museums,1,0.1764706,personalgrowth,0,0.2307692,photography,1,0.2,materials,4,0.2,community,0,0.1428571,technology,4,0.1428571,lgbt,0,0.2307692,dna,4,0.2307692
poetry,1,0.1891892,disability,0,0.1428571,prison,2,0.1764706,time,4,0.2307692,animals,4,0.1914894,cancer,4,0.2,disease,4,0.1428571,death,0,0.1428571,tedx,0,0.2258065,pollution,3,0.2307692
animals,4,0.1851852,wunderkind,1,0.1428571,science,4,0.1764706,extraterrestriallife,4,0.2307692,space,4,0.1851852,womeninbusiness,2,0.2,failure,0,0.1428571,religion,0,0.1428571,biology,4,0.2195122,obesity,3,0.2307692
economics,2,0.1851852,identity,0,0.1428571,alternativeenergy,3,0.1578947,statebuilding,2,0.2307692,democracy,2,0.1764706,math,4,0.2,ants,3,0.1428571,macarthurgrant,4,0.1428571,tedfellows,4,0.2195122,medicine,4,0.2307692
food,3,0.1764706,drones,4,0.1428571,stringtheory,4,0.1578947,senses,4,0.2307692,prison,2,0.1764706,ai,4,0.2,military,2,0.1428571,philanthropy,2,0.1428571,happiness,0,0.2173913,entertainment,1,0.2258065
creativity,1,0.1764706,foreignpolicy,2,0.1428571,humor,1,0.1578947,guitar,1,0.2307692,philosophy,0,0.1764706,prosthetics,4,0.2,solar,3,0.1428571,botany,3,0.1304348,thirdworld,2,0.2173913,tedfellows,4,0.2195122
language,0,0.1764706,news,2,0.1428571,sustainability,3,0.1555556,neuroscience,0,0.2307692,biology,4,0.1764706,parenting,0,0.2,performanceart,1,0.1428571,climatechange,3,0.1111111,work,0,0.2173913,work,0,0.2195122
space,4,0.1764706,egypt,2,0.1428571,writing,1,0.1489362,goalsetting,0,0.2307692,brain,0,0.1707317,cosmos,4,0.2,disability,0,0.1428571,paleontology,4,0.1111111,productdesign,4,0.2173913,history,1,0.2173913
literature,1,0.1764706,prediction,4,0.1428571,exoskeleton,4,0.1489362,telecom,2,0.2307692,globalissues,2,0.1698113,meditation,0,0.2,wunderkind,1,0.1428571,aids,2,0.1111111,terrorism,2,0.2121212,terrorism,2,0.2173913
government,2,0.1764706,memory,1,0.1428571,algorithm,4,0.1428571,universe,4,0.2307692,medicine,4,0.1627907,disasterrelief,3,0.2,identity,0,0.1428571,extremesports,0,0.1111111,microsoft,4,0.2,globalissues,2,0.2121212
museums,1,0.1764706,glacier,1,0.1428571,illness,4,0.1428571,statistics,2,0.2307692,interfacedesign,4,0.1612903,consumerism,2,0.2,drones,4,0.1428571,biotech,4,0.1111111,cognitivescience,0,0.2,education,3,0.2093023
prison,2,0.1764706,pain,0,0.1428571,demo,4,0.1428571,dna,4,0.2307692,yesallwomen,2,0.1578947,smell,4,0.2,foreignpolicy,2,0.1428571,solarenergy,3,0.1111111,crime,2,0.2,computers,4,0.2093023
philosophy,0,0.1764706,exploration,4,0.1428571,monkeys,0,0.1428571,medicine,4,0.2258065,arts,1,0.1578947,finance,2,0.2,news,2,0.1428571,google,2,0.1111111,books,3,0.2,library,1,0.2
invention,4,0.1724138,communication,0,0.1428571,composing,1,0.1428571,biology,4,0.2195122,sustainability,3,0.1555556,debate,2,0.2,egypt,2,0.1428571,iran,2,0.1111111,policy,2,0.2,piano,1,0.2
tedfellows,4,0.1707317,toy,4,0.1428571,vocals,1,0.1428571,tedfellows,4,0.2195122,violence,2,0.1489362,animals,4,0.2,complexity,4,0.1428571,humanorigins,4,0.1111111,nuclearweapons,3,0.2,youth,0,0.2
tedx,0,0.1612903,urbanplanning,3,0.1428571,spokenword,1,0.1428571,thirdworld,2,0.2173913,art,1,0.1428571,mentalhealth,0,0.1851852,journalism,2,0.1428571,newyork,1,0.1111111,dance,1,0.2,microsoft,4,0.2
interfacedesign,4,0.1578947,poverty,2,0.1428571,microfinance,2,0.1428571,productdesign,4,0.2173913,transportation,3,0.1428571,gaming,1,0.1851852,fashion,0,0.1428571,latinamerica,3,0.1111111,nasa,4,0.2,cognitivescience,0,0.2
photography,1,0.1489362,men,2,0.1428571,christianity,0,0.1428571,socialchange,2,0.2121212,cars,3,0.1428571,green,3,0.1851852,prediction,4,0.1428571,africa,2,0.1111111,hack,4,0.2,crime,2,0.2
writing,1,0.1489362,oceans,4,0.1428571,middleeast,2,0.1428571,computers,4,0.2,illness,4,0.1428571,self,0,0.1764706,memory,1,0.1428571,race,1,0.1111111,apes,4,0.2,books,3,0.2
violence,2,0.1428571,shopping,2,0.1428571,community,0,0.1428571,astronomy,4,0.2,demo,4,0.1428571,space,4,0.1764706,glacier,1,0.1428571,intelligence,4,0.1111111,birds,3,0.2,policy,2,0.2
algorithm,4,0.1428571,technology,4,0.1428571,disease,4,0.1428571,faith,0,0.2,monkeys,0,0.1428571,simplicity,4,0.1764706,pain,0,0.1428571,china,2,0.1111111,nanoscale,4,0.2,nuclearweapons,3,0.2
cars,3,0.1428571,death,0,0.1428571,failure,0,0.1428571,piano,1,0.2,composing,1,0.1428571,government,2,0.1764706,exploration,4,0.1428571,virus,4,0.1111111,aircraft,4,0.2,dance,1,0.2
illness,4,0.1428571,religion,0,0.1428571,military,2,0.1428571,youth,0,0.2,christianity,0,0.1428571,philosophy,0,0.1764706,communication,0,0.1428571,psychology,0,0.1111111,bigbang,4,0.2,nasa,4,0.2
demo,4,0.1428571,macarthurgrant,4,0.1428571,solar,3,0.1428571,microsoft,4,0.2,privacy,4,0.1428571,business,2,0.1764706,publichealth,4,0.1428571,animals,4,0.1111111,epidemiology,4,0.2,hack,4,0.2
monkeys,0,0.1428571,internet,4,0.1304348,performanceart,1,0.1428571,cognitivescience,0,0.2,europe,2,0.1428571,missionblue,4,0.1733333,poverty,2,0.1428571,oil,3,0.1111111,surgery,4,0.2,birds,3,0.2
composing,1,0.1428571,war,2,0.1219512,disability,0,0.1428571,nuclearweapons,3,0.2,middleeast,2,0.1428571,society,0,0.1724138,software,4,0.1428571,primates,3,0.1111111,dinosaurs,4,0.2,nanoscale,4,0.2
vocals,1,0.1428571,womeninbusiness,2,0.12,wunderkind,1,0.1428571,dance,1,0.2,community,0,0.1428571,interfacedesign,4,0.1724138,men,2,0.1428571,sight,4,0.1111111,mobility,3,0.2,aircraft,4,0.2
spokenword,1,0.1428571,sound,4,0.1111111,foreignpolicy,2,0.1428571,nasa,4,0.2,disease,4,0.1428571,socialmedia,2,0.1578947,oceans,4,0.1428571,bees,3,0.1111111,chautauqua,0,0.2,bigbang,4,0.2
microfinance,2,0.1428571,botany,3,0.1111111,news,2,0.1428571,hack,4,0.2,failure,0,0.1428571,arts,1,0.1578947,shopping,2,0.1428571,physics,4,0.1111111,agriculture,3,0.2,epidemiology,4,0.2
christianity,0,0.1428571,climatechange,3,0.1111111,journalism,2,0.1428571,apes,4,0.2,ants,3,0.1428571,exoskeleton,4,0.1555556,technology,4,0.1428571,student,3,0.1111111,choice,0,0.2,surgery,4,0.2
europe,2,0.1428571,paleontology,4,0.1111111,fashion,0,0.1428571,birds,3,0.2,military,2,0.1428571,algorithm,4,0.1428571,death,0,0.1428571,trafficking,2,0.1111111,skateboarding,4,0.2,dinosaurs,4,0.2
middleeast,2,0.1428571,aids,2,0.1111111,prediction,4,0.1428571,bigbang,4,0.2,wunderkind,1,0.1428571,cars,3,0.1428571,religion,0,0.1428571,map,4,0.1111111,jazz,1,0.2,mobility,3,0.2
failure,0,0.1428571,solarenergy,3,0.1111111,memory,1,0.1428571,epidemiology,4,0.2,identity,0,0.1428571,illness,4,0.1428571,macarthurgrant,4,0.1428571,fear,0,0.1111111,origami,1,0.2,chautauqua,0,0.2
ants,3,0.1428571,google,2,0.1111111,glacier,1,0.1428571,surgery,4,0.2,drones,4,0.1428571,demo,4,0.1428571,film,1,0.1428571,islam,2,0.1111111,empathy,0,0.2,agriculture,3,0.2
military,2,0.1428571,iran,2,0.1111111,pain,0,0.1428571,dinosaurs,4,0.2,foreignpolicy,2,0.1428571,monkeys,0,0.1428571,philanthropy,2,0.1304348,children,3,0.1111111,nuclearenergy,4,0.2,choice,0,0.2
solar,3,0.1428571,humanorigins,4,0.1111111,exploration,4,0.1428571,rocketscience,4,0.2,news,2,0.1428571,vocals,1,0.1428571,sports,0,0.1304348,flight,4,0.1111111,rocketscience,4,0.2,skateboarding,4,0.2
performanceart,1,0.1428571,newyork,1,0.1111111,communication,0,0.1428571,population,0,0.2,egypt,2,0.1428571,spokenword,1,0.1428571,onlinevideo,1,0.1304348,leadership,0,0.1111111,population,0,0.2,jazz,1,0.2
wunderkind,1,0.1428571,latinamerica,3,0.1111111,environment,3,0.1428571,unitedstates,1,0.2,complexity,4,0.1428571,microfinance,2,0.1428571,happiness,0,0.1304348,interview,1,0.1111111,unitedstates,1,0.2,origami,1,0.2
identity,0,0.1428571,race,1,0.1111111,law,2,0.1428571,cello,1,0.2,journalism,2,0.1428571,christianity,0,0.1428571,entertainment,1,0.1304348,society,0,0.1111111,cello,1,0.2,empathy,0,0.2
drones,4,0.1428571,intelligence,4,0.1111111,storytelling,1,0.1428571,curiosity,4,0.2,fashion,0,0.1428571,privacy,4,0.1428571,visualizations,4,0.1219512,atheism,0,0.1034483,curiosity,4,0.2,nuclearenergy,4,0.2
news,2,0.1428571,china,2,0.1111111,men,2,0.1428571,advertising,2,0.2,prediction,4,0.1428571,europe,2,0.1428571,tedfellows,4,0.1219512,worldcultures,2,0.0909091,advertising,2,0.2,rocketscience,4,0.2
egypt,2,0.1428571,virus,4,0.1111111,oceans,4,0.1428571,anthropology,0,0.2,memory,1,0.1428571,middleeast,2,0.1428571,piano,1,0.1219512,energy,3,0.0909091,anthropology,0,0.2,population,0,0.2
complexity,4,0.1428571,music,1,0.1111111,shopping,2,0.1428571,cloud,4,0.2,glacier,1,0.1428571,community,0,0.1428571,globalissues,2,0.12,deextinction,4,0.0909091,cloud,4,0.2,unitedstates,1,0.2
journalism,2,0.1428571,arts,1,0.1111111,technology,4,0.1428571,mind,0,0.2,pain,0,0.1428571,disease,4,0.1428571,education,3,0.1162791,god,0,0.0909091,mind,0,0.2,cello,1,0.2
fashion,0,0.1428571,oil,3,0.1111111,death,0,0.1428571,moon,4,0.2,exploration,4,0.1428571,failure,0,0.1428571,theater,1,0.1162791,entrepreneur,2,0.0909091,moon,4,0.2,curiosity,4,0.2
memory,1,0.1428571,primates,3,0.1111111,religion,0,0.1428571,pandemic,4,0.2,communication,0,0.1428571,solar,3,0.1428571,sound,4,0.1111111,hearthealth,4,0.0909091,pandemic,4,0.2,advertising,2,0.2
glacier,1,0.1428571,sight,4,0.1111111,macarthurgrant,4,0.1428571,book,1,0.2,toy,4,0.1428571,performanceart,1,0.1428571,paleontology,4,0.1111111,onelaptopperchild,2,0.0909091,book,1,0.2,anthropology,0,0.2
pain,0,0.1428571,bees,3,0.1111111,web,4,0.1428571,brazil,3,0.2,urbanplanning,3,0.1428571,disability,0,0.1428571,aids,2,0.1111111,neurology,0,0.0909091,brazil,3,0.2,cloud,4,0.2
exploration,4,0.1428571,physics,4,0.1111111,sports,0,0.1372549,brand,1,0.2,publichealth,4,0.1428571,wunderkind,1,0.1428571,extremesports,0,0.1111111,success,0,0.0909091,brand,1,0.2,mind,0,0.2
communication,0,0.1428571,student,3,0.1111111,thirdworld,2,0.1304348,illusion,1,0.2,consciousness,0,0.1428571,identity,0,0.1428571,biotech,4,0.1111111,feminism,2,0.0909091,money,2,0.2,moon,4,0.2
environment,3,0.1428571,trafficking,2,0.1111111,work,0,0.1304348,future,3,0.2,water,3,0.1428571,drones,4,0.1428571,solarenergy,3,0.1111111,sociology,0,0.0909091,illusion,1,0.2,pandemic,4,0.2
poverty,2,0.1428571,map,4,0.1111111,cities,3,0.1304348,iraq,2,0.2,men,2,0.1428571,foreignpolicy,2,0.1428571,google,2,0.1111111,biosphere,3,0.0909091,investment,2,0.2,book,1,0.2
water,3,0.1428571,fear,0,0.1111111,politics,2,0.1304348,decisionmaking,0,0.2,shopping,2,0.1428571,news,2,0.1428571,iran,2,0.1111111,speech,4,0.0909091,future,3,0.2,brazil,3,0.2
livemusic,1,0.1428571,islam,2,0.1111111,entertainment,1,0.1282051,naturaldisaster,3,0.2,technology,4,0.1428571,egypt,2,0.1428571,humanorigins,4,0.1111111,weather,3,0.0909091,protests,2,0.2,brand,1,0.2
oceans,4,0.1428571,children,3,0.1111111,piano,1,0.1219512,cancer,4,0.2,death,0,0.1428571,complexity,4,0.1428571,newyork,1,0.1111111,behavioraleconomics,0,0.0909091,opensource,4,0.2,future,3,0.2
shopping,2,0.1428571,flight,4,0.1111111,womeninbusiness,2,0.12,publichealth,4,0.2,religion,0,0.1428571,journalism,2,0.1428571,latinamerica,3,0.1111111,socialchange,2,0.0909091,iraq,2,0.2,marketing,2,0.2
technology,4,0.1428571,leadership,0,0.1111111,theater,1,0.12,math,4,0.2,macarthurgrant,4,0.1428571,fashion,0,0.1428571,africa,2,0.1111111,relationships,0,0.0909091,decisionmaking,0,0.2,evolution,4,0.2
macarthurgrant,4,0.1428571,interview,1,0.1111111,sound,4,0.1111111,cosmos,4,0.2,philanthropy,2,0.1428571,prediction,4,0.1428571,race,1,0.1111111,depression,0,0.0909091,naturaldisaster,3,0.2,materials,4,0.2
sports,0,0.1304348,sustainability,3,0.106383,botany,3,0.1111111,meditation,0,0.2,happiness,0,0.1304348,memory,1,0.1428571,intelligence,4,0.1111111,corruption,2,0.0909091,charterforcompassion,0,0.2,womeninbusiness,2,0.2
onlinevideo,1,0.1304348,photography,1,0.106383,climatechange,3,0.1111111,disasterrelief,3,0.2,thirdworld,2,0.1304348,glacier,1,0.1428571,china,2,0.1111111,genetics,4,0.0909091,marketing,2,0.2,architecture,3,0.2
work,0,0.1304348,healthcare,4,0.1044776,paleontology,4,0.1111111,consumerism,2,0.2,productdesign,4,0.1304348,pain,0,0.1428571,virus,4,0.1111111,conducting,1,0.0909091,evolution,4,0.2,ai,4,0.2
productdesign,4,0.1304348,society,0,0.1034483,biotech,4,0.1111111,smell,4,0.2,history,1,0.1304348,exploration,4,0.1428571,bees,3,0.1111111,garden,3,0.0909091,materials,4,0.2,robots,4,0.2
internet,4,0.1304348,brain,0,0.0943396,solarenergy,3,0.1111111,comedy,1,0.2,politics,2,0.1304348,communication,0,0.1428571,physics,4,0.1111111,plastic,3,0.0909091,cancer,4,0.2,comedy,1,0.2
politics,2,0.1282051,atheism,0,0.0909091,google,2,0.1111111,cyborg,4,0.2,entertainment,1,0.1282051,storytelling,1,0.1428571,student,3,0.1111111,darkmatter,4,0.0909091,biodiversity,3,0.2,cyborg,4,0.2
entertainment,1,0.1219512,energy,3,0.0909091,iran,2,0.1111111,finance,2,0.2,visualizations,4,0.1219512,software,4,0.1428571,trafficking,2,0.1111111,typography,1,0.0909091,biomechanics,4,0.2,finance,2,0.2
piano,1,0.12,god,0,0.0909091,humanorigins,4,0.1111111,debate,2,0.2,piano,1,0.1219512,men,2,0.1428571,map,4,0.1111111,data,4,0.0909091,business,2,0.2,debate,2,0.2
theater,1,0.1111111,entrepreneur,2,0.0909091,newyork,1,0.1111111,theater,1,0.2,youth,0,0.12,shopping,2,0.1428571,fear,0,0.1111111,industrialdesign,4,0.0909091,tedprize,3,0.2,poetry,1,0.2
sound,4,0.1111111,onelaptopperchild,2,0.0909091,latinamerica,3,0.1111111,music,1,0.1851852,business,2,0.12,technology,4,0.1428571,islam,2,0.1111111,presentation,4,0.0909091,publichealth,4,0.2,music,1,0.1891892
botany,3,0.1111111,neurology,0,0.0909091,africa,2,0.1111111,health,4,0.1851852,tedprize,3,0.12,religion,0,0.1428571,flight,4,0.1111111,security,4,0.0909091,writing,1,0.2,gaming,1,0.1851852
climatechange,3,0.1111111,success,0,0.0909091,race,1,0.1111111,food,3,0.1851852,womeninbusiness,2,0.12,macarthurgrant,4,0.1428571,leadership,0,0.1111111,windenergy,3,0.0909091,poetry,1,0.1914894,creativity,1,0.1851852
paleontology,4,0.1111111,feminism,2,0.0909091,intelligence,4,0.1111111,web,4,0.1764706,education,3,0.12,healthcare,4,0.1428571,interview,1,0.1111111,transportation,3,0.0909091,psychology,0,0.1891892,space,4,0.1764706
aids,2,0.1111111,sociology,0,0.0909091,china,2,0.1111111,creativity,1,0.1764706,theater,1,0.1162791,philanthropy,2,0.1343284,sustainability,3,0.1111111,poetry,1,0.0857143,animals,4,0.1851852,government,2,0.1764706
extremesports,0,0.1111111,biosphere,3,0.0909091,virus,4,0.1111111,self,0,0.1764706,sound,4,0.1111111,onlinevideo,1,0.1304348,missionblue,4,0.106383,sex,3,0.0810811,economics,2,0.1851852,democracy,2,0.1764706
biotech,4,0.1111111,speech,4,0.0909091,psychology,0,0.1111111,language,0,0.1764706,climatechange,3,0.1111111,work,0,0.1304348,society,0,0.1034483,women,2,0.0769231,mentalhealth,0,0.1851852,museums,1,0.1764706
solarenergy,3,0.1111111,weather,3,0.0909091,mentalhealth,0,0.1111111,democracy,2,0.1764706,paleontology,4,0.1111111,piano,1,0.1304348,tedx,0,0.1034483,development,2,0.0769231,green,3,0.1851852,fish,4,0.1764706
google,2,0.1111111,behavioraleconomics,0,0.0909091,health,4,0.1111111,prison,2,0.1764706,extremesports,0,0.1111111,youth,0,0.12,brain,0,0.0967742,innovation,4,0.0769231,creativity,1,0.1764706,philosophy,0,0.1764706
newyork,1,0.1111111,socialchange,2,0.0909091,oil,3,0.1111111,philosophy,0,0.1764706,biotech,4,0.1111111,investment,2,0.12,energy,3,0.0943396,magic,1,0.0769231,self,0,0.1764706,invention,4,0.1764706
latinamerica,3,0.1111111,relationships,0,0.0909091,primates,3,0.1111111,invention,4,0.1764706,solarenergy,3,0.1111111,tedprize,3,0.12,deextinction,4,0.0909091,productivity,0,0.0769231,language,0,0.1764706,visualizations,4,0.1724138
africa,2,0.1111111,depression,0,0.0909091,bees,3,0.1111111,media,2,0.1724138,google,2,0.1111111,sound,4,0.12,god,0,0.0909091,personalgrowth,0,0.0769231,visualizations,4,0.1764706,war,2,0.1707317
intelligence,4,0.1111111,corruption,2,0.0909091,physics,4,0.1111111,visualizations,4,0.1724138,iran,2,0.1111111,aids,2,0.1111111,entrepreneur,2,0.0909091,time,4,0.0769231,healthcare,4,0.1707317,science,4,0.1707317
china,2,0.1111111,genetics,4,0.0909091,trafficking,2,0.1111111,globalissues,2,0.1707317,humanorigins,4,0.1111111,extremesports,0,0.1111111,hearthealth,4,0.0909091,extraterrestriallife,4,0.0769231,globalissues,2,0.1641791,alternativeenergy,3,0.1578947
virus,4,0.1111111,conducting,1,0.0909091,map,4,0.1111111,science,4,0.1627907,newyork,1,0.1111111,biotech,4,0.1111111,onelaptopperchild,2,0.0909091,statebuilding,2,0.0769231,stringtheory,4,0.1627907,stringtheory,4,0.1578947
music,1,0.1111111,garden,3,0.0909091,fear,0,0.1111111,yesallwomen,2,0.1578947,china,2,0.1111111,solarenergy,3,0.1111111,neurology,0,0.0909091,senses,4,0.0769231,interfacedesign,4,0.1578947,interfacedesign,4,0.1578947
psychology,0,0.1111111,plastic,3,0.0909091,children,3,0.1111111,socialmedia,2,0.1578947,virus,4,0.1111111,google,2,0.1111111,success,0,0.0909091,guitar,1,0.0769231,yesallwomen,2,0.1578947,socialmedia,2,0.1578947
mentalhealth,0,0.1111111,darkmatter,4,0.0909091,flight,4,0.1111111,terrorism,2,0.1578947,economics,2,0.1111111,latinamerica,3,0.1111111,feminism,2,0.0909091,goalsetting,0,0.0769231,socialchange,2,0.1578947,sustainability,3,0.1578947
oil,3,0.1111111,typography,1,0.0909091,leadership,0,0.1111111,exoskeleton,4,0.1515152,humor,1,0.1111111,africa,2,0.1111111,sociology,0,0.0909091,violin,1,0.0769231,photography,1,0.1515152,photography,1,0.1489362
primates,3,0.1111111,data,4,0.0909091,interview,1,0.1111111,algorithm,4,0.1428571,oil,3,0.1111111,race,1,0.1111111,biosphere,3,0.0909091,tedbooks,4,0.0769231,exoskeleton,4,0.1489362,violence,2,0.1489362
sight,4,0.1111111,asia,2,0.0909091,culture,0,0.1111111,monkeys,0,0.1428571,primates,3,0.1111111,intelligence,4,0.1111111,speech,4,0.0909091,telecom,2,0.0769231,algorithm,4,0.1428571,art,1,0.1428571
bees,3,0.1111111,industrialdesign,4,0.0909091,missionblue,4,0.1084337,composing,1,0.1428571,sight,4,0.1111111,china,2,0.1111111,weather,3,0.0909091,play,4,0.0769231,cars,3,0.1428571,transportation,3,0.1428571
physics,4,0.1111111,presentation,4,0.0909091,brain,0,0.1034483,privacy,4,0.1428571,bees,3,0.1111111,virus,4,0.1111111,behavioraleconomics,0,0.0909091,universe,4,0.0769231,illness,4,0.1428571,exoskeleton,4,0.1428571
student,3,0.1111111,security,4,0.0909091,atheism,0,0.0943396,europe,2,0.1428571,student,3,0.1111111,music,1,0.1111111,socialchange,2,0.0909091,life,4,0.0769231,demo,4,0.1428571,algorithm,4,0.1428571
trafficking,2,0.1111111,windenergy,3,0.0909091,worldcultures,2,0.0909091,middleeast,2,0.1428571,trafficking,2,0.1111111,psychology,0,0.1111111,terrorism,2,0.0909091,lgbt,0,0.0769231,monkeys,0,0.1428571,cars,3,0.1428571
fear,0,0.1111111,livemusic,1,0.0857143,energy,3,0.0909091,community,0,0.1428571,map,4,0.1111111,health,4,0.1111111,motivation,0,0.0909091,statistics,2,0.0769231,composing,1,0.1428571,illness,4,0.1428571
children,3,0.1111111,poetry,1,0.0810811,deextinction,4,0.0909091,disease,4,0.1428571,fear,0,0.1111111,humor,1,0.1111111,corruption,2,0.0909091,insects,3,0.0769231,vocals,1,0.1428571,demo,4,0.1428571
leadership,0,0.1111111,sex,3,0.0769231,god,0,0.0909091,failure,0,0.1428571,children,3,0.1111111,oil,3,0.1111111,genetics,4,0.0909091,engineering,4,0.0769231,spokenword,1,0.1428571,ants,3,0.1428571
interview,1,0.1111111,women,2,0.0769231,entrepreneur,2,0.0909091,ants,3,0.1428571,flight,4,0.1111111,primates,3,0.1111111,conducting,1,0.0909091,dna,4,0.0769231,microfinance,2,0.1428571,military,2,0.1428571
culture,0,0.1084337,development,2,0.0769231,hearthealth,4,0.0909091,military,2,0.1428571,leadership,0,0.1111111,physics,4,0.1111111,garden,3,0.0909091,pollution,3,0.0769231,christianity,0,0.1428571,solar,3,0.1428571
web,4,0.0980392,innovation,4,0.0769231,onelaptopperchild,2,0.0909091,solar,3,0.1428571,interview,1,0.1111111,student,3,0.1111111,plastic,3,0.0909091,obesity,3,0.0769231,privacy,4,0.1428571,performanceart,1,0.1428571
medicine,4,0.0967742,magic,1,0.0769231,neurology,0,0.0909091,disability,0,0.1428571,healthcare,4,0.1111111,trafficking,2,0.1111111,darkmatter,4,0.0909091,singer,1,0.0769231,europe,2,0.1428571,disability,0,0.1428571
business,2,0.0933333,productivity,0,0.0769231,success,0,0.0909091,egypt,2,0.1428571,invention,4,0.1044776,islam,2,0.1111111,typography,1,0.0909091,vaccines,4,0.0769231,middleeast,2,0.1428571,wunderkind,1,0.1428571
atheism,0,0.0909091,time,4,0.0769231,feminism,2,0.0909091,complexity,4,0.1428571,missionblue,4,0.1034483,children,3,0.1111111,data,4,0.0909091,morality,0,0.0769231,community,0,0.1428571,identity,0,0.1428571
worldcultures,2,0.0909091,extraterrestriallife,4,0.0769231,biosphere,3,0.0909091,journalism,2,0.1428571,tedx,0,0.1034483,flight,4,0.1111111,presentation,4,0.0909091,visualizations,4,0.0769231,disease,4,0.1428571,drones,4,0.1428571
energy,3,0.0909091,statebuilding,2,0.0769231,speech,4,0.0909091,fashion,0,0.1428571,atheism,0,0.0967742,leadership,0,0.1111111,security,4,0.0909091,biology,4,0.0731707,failure,0,0.1428571,foreignpolicy,2,0.1428571
god,0,0.0909091,senses,4,0.0769231,weather,3,0.0909091,prediction,4,0.1428571,energy,3,0.0909091,sustainability,3,0.1111111,windenergy,3,0.0909091,education,3,0.0731707,ants,3,0.1428571,news,2,0.1428571
entrepreneur,2,0.0909091,guitar,1,0.0769231,motivation,0,0.0909091,memory,1,0.1428571,deextinction,4,0.0909091,writing,1,0.106383,transportation,3,0.0909091,astronomy,4,0.0697674,military,2,0.1428571,egypt,2,0.1428571
hearthealth,4,0.0909091,neuroscience,0,0.0769231,relationships,0,0.0909091,glacier,1,0.1428571,god,0,0.0909091,invention,4,0.106383,poetry,1,0.0857143,wikipedia,0,0.0666667,solar,3,0.1428571,complexity,4,0.1428571
onelaptopperchild,2,0.0909091,goalsetting,0,0.0769231,corruption,2,0.0909091,pain,0,0.1428571,entrepreneur,2,0.0909091,media,2,0.1034483,magic,1,0.0810811,medicalresearch,4,0.0666667,performanceart,1,0.1428571,journalism,2,0.1428571
success,0,0.0909091,violin,1,0.0769231,genetics,4,0.0909091,exploration,4,0.1428571,success,0,0.0909091,web,4,0.1034483,productivity,0,0.0769231,library,1,0.0666667,disability,0,0.1428571,fashion,0,0.1428571
feminism,2,0.0909091,play,4,0.0769231,conducting,1,0.0909091,communication,0,0.1428571,feminism,2,0.0909091,medicine,4,0.0980392,personalgrowth,0,0.0769231,faith,0,0.0666667,wunderkind,1,0.1428571,prediction,4,0.1428571
weather,3,0.0909091,life,4,0.0769231,garden,3,0.0909091,urbanplanning,3,0.1428571,sociology,0,0.0909091,atheism,0,0.0967742,time,4,0.0769231,submarine,4,0.0666667,identity,0,0.1428571,memory,1,0.1428571
socialchange,2,0.0909091,lgbt,0,0.0769231,typography,1,0.0909091,consciousness,0,0.1428571,biosphere,3,0.0909091,worldcultures,2,0.0909091,extraterrestriallife,4,0.0769231,future,3,0.0666667,drones,4,0.1428571,glacier,1,0.1428571
relationships,0,0.0909091,peace,2,0.0769231,asia,2,0.0909091,livemusic,1,0.1428571,behavioraleconomics,0,0.0909091,hearthealth,4,0.0909091,statebuilding,2,0.0769231,protests,2,0.0666667,foreignpolicy,2,0.1428571,pain,0,0.1428571
depression,0,0.0909091,statistics,2,0.0769231,industrialdesign,4,0.0909091,storytelling,1,0.1428571,motivation,0,0.0909091,onelaptopperchild,2,0.0909091,senses,4,0.0769231,opensource,4,0.0666667,news,2,0.1428571,exploration,4,0.1428571
corruption,2,0.0909091,insects,3,0.0769231,presentation,4,0.0909091,men,2,0.1428571,relationships,0,0.0909091,neurology,0,0.0909091,guitar,1,0.0769231,iraq,2,0.0666667,egypt,2,0.1428571,communication,0,0.1428571
conducting,1,0.0909091,engineering,4,0.0769231,security,4,0.0909091,oceans,4,0.1428571,depression,0,0.0909091,speech,4,0.0909091,politics,2,0.0769231,decisionmaking,0,0.0666667,complexity,4,0.1428571,environment,3,0.1428571
garden,3,0.0909091,dna,4,0.0769231,windenergy,3,0.0909091,technology,4,0.1428571,corruption,2,0.0909091,weather,3,0.0909091,neuroscience,0,0.0769231,naturaldisaster,3,0.0666667,journalism,2,0.1428571,publichealth,4,0.1428571
plastic,3,0.0909091,pollution,3,0.0769231,transportation,3,0.0909091,religion,0,0.1428571,genetics,4,0.0909091,behavioraleconomics,0,0.0909091,violin,1,0.0769231,charterforcompassion,0,0.0666667,fashion,0,0.1428571,law,2,0.1428571
darkmatter,4,0.0909091,obesity,3,0.0769231,livemusic,1,0.0857143,macarthurgrant,4,0.1428571,conducting,1,0.0909091,motivation,0,0.0909091,tedbooks,4,0.0769231,marketing,2,0.0666667,prediction,4,0.1428571,livemusic,1,0.1428571
typography,1,0.0909091,singer,1,0.0769231,performance,1,0.0857143,onlinevideo,1,0.1428571,plastic,3,0.0909091,relationships,0,0.0909091,telecom,2,0.0769231,evolution,4,0.0666667,memory,1,0.1428571,software,4,0.1428571
data,4,0.0909091,vaccines,4,0.0769231,sex,3,0.0810811,work,0,0.1304348,darkmatter,4,0.0909091,depression,0,0.0909091,play,4,0.0769231,materials,4,0.0666667,glacier,1,0.1428571,men,2,0.1428571
asia,2,0.0909091,morality,0,0.0769231,magic,1,0.0769231,internet,4,0.1304348,typography,1,0.0909091,genetics,4,0.0909091,universe,4,0.0769231,cancer,4,0.0666667,pain,0,0.1428571,death,0,0.1428571
industrialdesign,4,0.0909091,design,4,0.0731707,time,4,0.0769231,war,2,0.1304348,asia,2,0.0909091,garden,3,0.0909091,life,4,0.0769231,biodiversity,3,0.0666667,exploration,4,0.1428571,religion,0,0.1428571
security,4,0.0909091,visualizations,4,0.0731707,extraterrestriallife,4,0.0769231,investment,2,0.1219512,industrialdesign,4,0.0909091,plastic,3,0.0909091,lgbt,0,0.0769231,biomechanics,4,0.0666667,communication,0,0.1428571,web,4,0.1428571
windenergy,3,0.0909091,planets,4,0.0666667,statebuilding,2,0.0769231,education,3,0.12,presentation,4,0.0909091,darkmatter,4,0.0909091,peace,2,0.0769231,inequality,2,0.0666667,toy,4,0.1428571,film,1,0.1372549
transportation,3,0.0857143,astronomy,4,0.0666667,senses,4,0.0769231,paleontology,4,0.1162791,windenergy,3,0.0909091,data,4,0.0909091,insects,3,0.0769231,math,4,0.0666667,urbanplanning,3,0.1428571,philanthropy,2,0.1304348
performance,1,0.0810811,wikipedia,0,0.0666667,neuroscience,0,0.0769231,aids,2,0.1111111,livemusic,1,0.0909091,asia,2,0.0909091,engineering,4,0.0769231,architecture,3,0.0666667,environment,3,0.1428571,onlinevideo,1,0.1304348
sex,3,0.0769231,medicalresearch,4,0.0666667,goalsetting,0,0.0769231,humanorigins,4,0.1111111,culture,0,0.0857143,security,4,0.0909091,dna,4,0.0769231,ai,4,0.0666667,culture,0,0.1428571,happiness,0,0.1304348
women,2,0.0769231,library,1,0.0666667,play,4,0.0769231,newyork,1,0.1111111,performance,1,0.0843373,publichealth,4,0.0909091,pollution,3,0.0769231,prosthetics,4,0.0666667,philanthropy,2,0.1325301,productdesign,4,0.1304348
development,2,0.0769231,faith,0,0.0666667,life,4,0.0769231,intelligence,4,0.1111111,women,2,0.0810811,livemusic,1,0.0857143,obesity,3,0.0769231,parenting,0,0.0666667,sports,0,0.1304348,cities,3,0.1304348
innovation,4,0.0769231,submarine,4,0.0666667,statistics,2,0.0769231,virus,4,0.1111111,innovation,4,0.0769231,culture,0,0.0857143,singer,1,0.0769231,robots,4,0.0666667,onlinevideo,1,0.1304348,politics,2,0.1304348
magic,1,0.0769231,money,2,0.0666667,insects,3,0.0769231,mentalhealth,0,0.1111111,magic,1,0.0769231,poetry,1,0.0843373,vaccines,4,0.0769231,nature,3,0.0666667,design,4,0.1304348,design,4,0.1282051
productivity,0,0.0769231,future,3,0.0666667,engineering,4,0.0769231,humor,1,0.1111111,productivity,0,0.0769231,performance,1,0.0810811,morality,0,0.0769231,food,3,0.0588235,piano,1,0.1219512,biology,4,0.1219512
personalgrowth,0,0.0769231,iraq,2,0.0666667,obesity,3,0.0769231,primates,3,0.1111111,personalgrowth,0,0.0769231,sex,3,0.0810811,design,4,0.0769231,green,3,0.0588235,youth,0,0.12,investment,2,0.1219512
extraterrestriallife,4,0.0769231,decisionmaking,0,0.0666667,singer,1,0.0769231,physics,4,0.1111111,time,4,0.0769231,development,2,0.0769231,biology,4,0.0731707,creativity,1,0.0588235,sound,4,0.12,business,2,0.12
statebuilding,2,0.0769231,naturaldisaster,3,0.0666667,vaccines,4,0.0769231,map,4,0.1111111,extraterrestriallife,4,0.0769231,innovation,4,0.0769231,war,2,0.0731707,self,0,0.0588235,botany,3,0.1111111,tedprize,3,0.12
senses,4,0.0769231,charterforcompassion,0,0.0666667,morality,0,0.0769231,fear,0,0.1111111,senses,4,0.0769231,personalgrowth,0,0.0769231,planets,4,0.0731707,language,0,0.0588235,climatechange,3,0.1111111,sound,4,0.12
neuroscience,0,0.0769231,marketing,2,0.0666667,visualizations,4,0.0769231,islam,2,0.1111111,guitar,1,0.0769231,time,4,0.0769231,wikipedia,0,0.0666667,simplicity,4,0.0588235,paleontology,4,0.1111111,climatechange,3,0.1111111
goalsetting,0,0.0769231,evolution,4,0.0666667,biology,4,0.0731707,children,3,0.1111111,neuroscience,0,0.0769231,extraterrestriallife,4,0.0769231,medicalresearch,4,0.0666667,literature,1,0.0588235,aids,2,0.1111111,iran,2,0.1111111
violin,1,0.0769231,cancer,4,0.0666667,tedfellows,4,0.0731707,flight,4,0.1111111,goalsetting,0,0.0769231,guitar,1,0.0769231,library,1,0.0666667,government,2,0.0588235,extremesports,0,0.1111111,humanorigins,4,0.1111111
tedbooks,4,0.0769231,biodiversity,3,0.0666667,war,2,0.0731707,leadership,0,0.1111111,violin,1,0.0769231,neuroscience,0,0.0769231,faith,0,0.0666667,democracy,2,0.0588235,biotech,4,0.1111111,newyork,1,0.1111111
telecom,2,0.0769231,biomechanics,4,0.0666667,planets,4,0.0731707,interview,1,0.1111111,telecom,2,0.0769231,goalsetting,0,0.0769231,submarine,4,0.0666667,museums,1,0.0588235,solarenergy,3,0.1111111,latinamerica,3,0.1111111
play,4,0.0769231,business,2,0.0666667,astronomy,4,0.0666667,culture,0,0.1111111,life,4,0.0769231,tedbooks,4,0.0769231,money,2,0.0666667,fish,4,0.0588235,google,2,0.1111111,africa,2,0.1111111
life,4,0.0769231,inequality,2,0.0666667,medicalresearch,4,0.0666667,sustainability,3,0.1084337,lgbt,0,0.0769231,telecom,2,0.0769231,illusion,1,0.0666667,prison,2,0.0588235,iran,2,0.1111111,race,1,0.1111111
peace,2,0.0769231,math,4,0.0666667,library,1,0.0666667,society,0,0.106383,peace,2,0.0769231,universe,4,0.0769231,iraq,2,0.0666667,microbiology,4,0.0588235,humanorigins,4,0.1111111,intelligence,4,0.1111111
statistics,2,0.0769231,architecture,3,0.0666667,faith,0,0.0666667,business,2,0.1034483,statistics,2,0.0769231,life,4,0.0769231,decisionmaking,0,0.0666667,philosophy,0,0.0588235,newyork,1,0.1111111,china,2,0.1111111
insects,3,0.0769231,ai,4,0.0666667,future,3,0.0666667,deextinction,4,0.0933333,insects,3,0.0769231,lgbt,0,0.0769231,naturaldisaster,3,0.0666667,science,4,0.0588235,latinamerica,3,0.1111111,virus,4,0.1111111
dna,4,0.0769231,prosthetics,4,0.0666667,protests,2,0.0666667,entrepreneur,2,0.0909091,engineering,4,0.0769231,peace,2,0.0769231,charterforcompassion,0,0.0666667,alternativeenergy,3,0.0526316,africa,2,0.1111111,animals,4,0.1111111
pollution,3,0.0769231,robots,4,0.0666667,opensource,4,0.0666667,neurology,0,0.0909091,dna,4,0.0769231,statistics,2,0.0769231,marketing,2,0.0666667,interfacedesign,4,0.0526316,race,1,0.1111111,economics,2,0.1111111
obesity,3,0.0769231,food,3,0.0588235,iraq,2,0.0666667,success,0,0.0909091,pollution,3,0.0769231,engineering,4,0.0769231,evolution,4,0.0666667,yesallwomen,2,0.0526316,intelligence,4,0.1111111,health,4,0.1111111
singer,1,0.0769231,web,4,0.0588235,decisionmaking,0,0.0666667,sociology,0,0.0909091,obesity,3,0.0769231,dna,4,0.0769231,materials,4,0.0666667,socialmedia,2,0.0526316,china,2,0.1111111,sight,4,0.1111111
vaccines,4,0.0769231,green,3,0.0588235,naturaldisaster,3,0.0666667,biosphere,3,0.0909091,singer,1,0.0769231,pollution,3,0.0769231,cancer,4,0.0666667,trees,3,0.0526316,virus,4,0.1111111,map,4,0.1111111
healthcare,4,0.0746269,language,0,0.0588235,marketing,2,0.0666667,weather,3,0.0909091,tedfellows,4,0.0769231,obesity,3,0.0769231,biodiversity,3,0.0666667,violence,2,0.0526316,music,1,0.1111111,fear,0,0.1111111
biology,4,0.0731707,literature,1,0.0588235,evolution,4,0.0666667,corruption,2,0.0909091,war,2,0.0731707,vaccines,4,0.0769231,biomechanics,4,0.0666667,art,1,0.047619,sustainability,3,0.1111111,islam,2,0.1111111
war,2,0.0731707,government,2,0.0588235,biodiversity,3,0.0666667,genetics,4,0.0909091,astronomy,4,0.0731707,morality,0,0.0769231,business,2,0.0666667,toy,4,0.047619,media,2,0.106383,children,3,0.1111111
globalissues,2,0.0697674,democracy,2,0.0588235,business,2,0.0666667,garden,3,0.0909091,medicalresearch,4,0.0666667,entertainment,1,0.0769231,inequality,2,0.0666667,urbanplanning,3,0.047619,web,4,0.1034483,flight,4,0.1111111
education,3,0.0697674,museums,1,0.0588235,math,4,0.0666667,plastic,3,0.0909091,faith,0,0.0666667,biology,4,0.0731707,math,4,0.0666667,environment,3,0.047619,medicine,4,0.0980392,leadership,0,0.1111111
planets,4,0.0666667,prison,2,0.0588235,architecture,3,0.0666667,darkmatter,4,0.0909091,money,2,0.0666667,tedfellows,4,0.0731707,architecture,3,0.0666667,law,2,0.047619,atheism,0,0.0967742,interview,1,0.1111111
medicalresearch,4,0.0666667,microbiology,4,0.0588235,ai,4,0.0666667,data,4,0.0909091,protests,2,0.0666667,computers,4,0.0731707,ai,4,0.0666667,water,3,0.047619,worldcultures,2,0.0909091,worldcultures,2,0.1111111
submarine,4,0.0666667,philosophy,0,0.0588235,prosthetics,4,0.0666667,asia,2,0.0909091,opensource,4,0.0666667,wikipedia,0,0.0666667,prosthetics,4,0.0666667,software,4,0.047619,energy,3,0.0909091,success,0,0.0909091
illusion,1,0.0666667,science,4,0.0526316,robots,4,0.0666667,windenergy,3,0.0909091,naturaldisaster,3,0.0666667,library,1,0.0666667,parenting,0,0.0666667,film,1,0.047619,deextinction,4,0.0909091,feminism,2,0.0909091
protests,2,0.0666667,alternativeenergy,3,0.0526316,nature,3,0.0666667,transportation,3,0.0909091,charterforcompassion,0,0.0666667,submarine,4,0.0666667,robots,4,0.0666667,sports,0,0.0434783,god,0,0.0909091,sociology,0,0.0909091
iraq,2,0.0666667,stringtheory,4,0.0526316,green,3,0.0588235,poetry,1,0.0857143,marketing,2,0.0666667,money,2,0.0666667,culture,0,0.0666667,onlinevideo,1,0.0434783,entrepreneur,2,0.0909091,biosphere,3,0.0909091
naturaldisaster,3,0.0666667,interfacedesign,4,0.0526316,self,0,0.0588235,performance,1,0.0810811,evolution,4,0.0666667,protests,2,0.0666667,food,3,0.060241,happiness,0,0.0434783,hearthealth,4,0.0909091,speech,4,0.0909091
charterforcompassion,0,0.0666667,yesallwomen,2,0.0526316,language,0,0.0588235,women,2,0.0810811,materials,4,0.0666667,decisionmaking,0,0.0666667,space,4,0.0588235,thirdworld,2,0.0434783,onelaptopperchild,2,0.0909091,weather,3,0.0909091
marketing,2,0.0666667,trees,3,0.0526316,simplicity,4,0.0588235,development,2,0.0769231,cancer,4,0.0666667,naturaldisaster,3,0.0666667,simplicity,4,0.0588235,work,0,0.0434783,neurology,0,0.0909091,behavioraleconomics,0,0.0909091
materials,4,0.0666667,violence,2,0.047619,literature,1,0.0588235,violin,1,0.0769231,biomechanics,4,0.0666667,charterforcompassion,0,0.0666667,literature,1,0.0588235,productdesign,4,0.0434783,success,0,0.0909091,motivation,0,0.0909091
cancer,4,0.0666667,environment,3,0.047619,government,2,0.0588235,lgbt,0,0.0769231,inequality,2,0.0666667,biodiversity,3,0.0666667,government,2,0.0588235,history,1,0.0434783,feminism,2,0.0909091,relationships,0,0.0909091
arts,1,0.0666667,consciousness,0,0.047619,democracy,2,0.0588235,peace,2,0.0769231,math,4,0.0666667,biomechanics,4,0.0666667,democracy,2,0.0588235,internet,4,0.0434783,sociology,0,0.0909091,depression,0,0.0909091
humor,1,0.0666667,law,2,0.047619,fish,4,0.0588235,insects,3,0.0769231,ai,4,0.0666667,robots,4,0.0666667,museums,1,0.0588235,cities,3,0.0434783,biosphere,3,0.0909091,typography,1,0.0909091
inequality,2,0.0666667,storytelling,1,0.047619,microbiology,4,0.0588235,engineering,4,0.0769231,parenting,0,0.0666667,photography,1,0.0666667,fish,4,0.0588235,piano,1,0.0434783,speech,4,0.0909091,data,4,0.0909091
math,4,0.0666667,software,4,0.047619,philosophy,0,0.0588235,pollution,3,0.0769231,nature,3,0.0666667,nature,3,0.0638298,prison,2,0.0588235,youth,0,0.04,weather,3,0.0909091,asia,2,0.0909091
ai,4,0.0666667,film,1,0.0434783,interfacedesign,4,0.0588235,obesity,3,0.0769231,food,3,0.0588235,food,3,0.0588235,microbiology,4,0.0588235,business,2,0.04,behavioraleconomics,0,0.0909091,industrialdesign,4,0.0909091
prosthetics,4,0.0666667,philanthropy,2,0.0434783,yesallwomen,2,0.0526316,singer,1,0.0769231,web,4,0.0588235,creativity,1,0.0588235,alternativeenergy,3,0.0588235,tedprize,3,0.04,transportation,3,0.0909091,sex,3,0.0909091
parenting,0,0.0666667,sports,0,0.0434783,socialmedia,2,0.0526316,morality,0,0.0769231,green,3,0.0588235,language,0,0.0588235,stringtheory,4,0.0526316,womeninbusiness,2,0.04,sex,3,0.0857143,development,2,0.0769231
sustainability,3,0.0638298,happiness,0,0.0434783,trees,3,0.0526316,planets,4,0.0769231,self,0,0.0588235,literature,1,0.0588235,interfacedesign,4,0.0526316,theater,1,0.04,women,2,0.0769231,innovation,4,0.0769231
nature,3,0.0588235,thirdworld,2,0.0434783,violence,2,0.0526316,wikipedia,0,0.0666667,language,0,0.0588235,democracy,2,0.0588235,yesallwomen,2,0.0526316,music,1,0.037037,development,2,0.0769231,statebuilding,2,0.0769231
green,3,0.0588235,work,0,0.0434783,art,1,0.047619,medicalresearch,4,0.0666667,simplicity,4,0.0588235,museums,1,0.0588235,socialmedia,2,0.0526316,economics,2,0.037037,innovation,4,0.0769231,senses,4,0.0769231
self,0,0.0588235,productdesign,4,0.0434783,toy,4,0.047619,library,1,0.0666667,literature,1,0.0588235,fish,4,0.0588235,trees,3,0.0526316,mentalhealth,0,0.037037,magic,1,0.0769231,guitar,1,0.0769231
simplicity,4,0.0588235,history,1,0.0434783,urbanplanning,3,0.047619,money,2,0.0666667,government,2,0.0588235,prison,2,0.0588235,toy,4,0.0526316,gaming,1,0.037037,productivity,0,0.0769231,universe,4,0.0769231
democracy,2,0.0588235,cities,3,0.0434783,poverty,2,0.047619,opensource,4,0.0666667,museums,1,0.0588235,microbiology,4,0.0588235,urbanplanning,3,0.047619,health,4,0.037037,personalgrowth,0,0.0769231,life,4,0.0769231
fish,4,0.0588235,piano,1,0.04,consciousness,0,0.047619,charterforcompassion,0,0.0666667,fish,4,0.0588235,science,4,0.0588235,environment,3,0.047619,invention,4,0.037037,time,4,0.0769231,lgbt,0,0.0769231
microbiology,4,0.0588235,youth,0,0.04,software,4,0.047619,marketing,2,0.0666667,microbiology,4,0.0588235,alternativeenergy,3,0.0526316,consciousness,0,0.047619,media,2,0.0344828,extraterrestriallife,4,0.0769231,singer,1,0.0769231
brain,0,0.0566038,investment,2,0.04,philanthropy,2,0.047619,biomechanics,4,0.0666667,science,4,0.0588235,violence,2,0.0526316,water,3,0.047619,missionblue,4,0.0344828,statebuilding,2,0.0769231,vaccines,4,0.0769231
science,4,0.0526316,tedprize,3,0.04,onlinevideo,1,0.0434783,inequality,2,0.0666667,stringtheory,4,0.0526316,toy,4,0.047619,storytelling,1,0.047619,medicine,4,0.0344828,senses,4,0.0769231,morality,0,0.0769231
stringtheory,4,0.0526316,psychology,0,0.037037,happiness,0,0.0434783,architecture,3,0.0666667,socialmedia,2,0.0526316,urbanplanning,3,0.047619,thirdworld,2,0.047619,tedx,0,0.0322581,guitar,1,0.0769231,healthcare,4,0.0769231
trees,3,0.0526316,animals,4,0.037037,investment,2,0.0434783,ai,4,0.0666667,trees,3,0.0526316,poverty,2,0.047619,work,0,0.0434783,terrorism,2,0.0322581,politics,2,0.0769231,planets,4,0.0746269
art,1,0.047619,economics,2,0.037037,tedprize,3,0.04,prosthetics,4,0.0666667,environment,3,0.0526316,consciousness,0,0.047619,productdesign,4,0.0434783,publichealth,4,0.030303,entertainment,1,0.0769231,astronomy,4,0.0666667
toy,4,0.047619,mentalhealth,0,0.037037,music,1,0.04,parenting,0,0.0666667,law,2,0.047619,law,2,0.047619,history,1,0.0434783,livemusic,1,0.0285714,planets,4,0.0731707,faith,0,0.0666667
urbanplanning,3,0.047619,gaming,1,0.037037,animals,4,0.037037,robots,4,0.0666667,storytelling,1,0.047619,water,3,0.047619,internet,4,0.0434783,performance,1,0.0285714,computers,4,0.0666667,submarine,4,0.0666667
law,2,0.047619,health,4,0.037037,economics,2,0.037037,writing,1,0.0666667,software,4,0.047619,film,1,0.047619,cities,3,0.0434783,politics,2,0.027027,astronomy,4,0.0666667,illusion,1,0.0666667
storytelling,1,0.047619,invention,4,0.0344828,gaming,1,0.037037,space,4,0.0638298,film,1,0.047619,sports,0,0.0434783,youth,0,0.0434783,entertainment,1,0.025641,wikipedia,0,0.0666667,opensource,4,0.0666667
film,1,0.0434783,missionblue,4,0.0344828,invention,4,0.037037,simplicity,4,0.0588235,sports,0,0.0434783,thirdworld,2,0.0434783,investment,2,0.04,design,4,0.0243902,medicalresearch,4,0.0666667,cancer,4,0.0666667
history,1,0.0434783,medicine,4,0.0322581,media,2,0.0344828,museums,1,0.0588235,onlinevideo,1,0.0434783,productdesign,4,0.0434783,tedprize,3,0.04,tedfellows,4,0.0243902,library,1,0.0666667,biodiversity,3,0.0666667
cities,3,0.0434783,tedx,0,0.0322581,society,0,0.0344828,fish,4,0.0588235,cities,3,0.0434783,history,1,0.0434783,music,1,0.04,war,2,0.0243902,faith,0,0.0666667,biomechanics,4,0.0666667
youth,0,0.04,terrorism,2,0.030303,medicine,4,0.0344828,alternativeenergy,3,0.0588235,investment,2,0.0434783,internet,4,0.0434783,animals,4,0.037037,globalissues,2,0.0243902,submarine,4,0.0666667,nature,3,0.0666667
investment,2,0.04,transportation,3,0.0285714,tedx,0,0.0322581,stringtheory,4,0.0526316,music,1,0.04,cities,3,0.0434783,health,4,0.037037,arts,1,0.0232558,nature,3,0.0666667,self,0,0.0588235
tedprize,3,0.04,publichealth,4,0.0285714,socialchange,2,0.0322581,interfacedesign,4,0.0526316,psychology,0,0.037037,theater,1,0.0434783,invention,4,0.037037,humor,1,0.0222222,food,3,0.0588235,language,0,0.0588235
womeninbusiness,2,0.04,performance,1,0.027027,terrorism,2,0.030303,art,1,0.0526316,mentalhealth,0,0.037037,economics,2,0.037037,media,2,0.0344828,sustainability,3,0.0222222,science,4,0.0588235,prison,2,0.0588235
gaming,1,0.037037,biology,4,0.0243902,design,4,0.030303,water,3,0.047619,gaming,1,0.037037,socialchange,2,0.037037,medicine,4,0.0344828,photography,1,0.0212766,alternativeenergy,3,0.0526316,microbiology,4,0.0588235
health,4,0.037037,tedfellows,4,0.0243902,globalissues,2,0.0243902,psychology,0,0.047619,media,2,0.037037,transportation,3,0.030303,livemusic,1,0.0322581,writing,1,0.0212766,violence,2,0.0526316,yesallwomen,2,0.0588235
media,2,0.0344828,globalissues,2,0.0232558,education,3,0.0232558,animals,4,0.037037,society,0,0.0344828,politics,2,0.0285714,performance,1,0.0285714,web,4,0.0212766,art,1,0.047619,trees,3,0.0526316
missionblue,4,0.0344828,education,3,0.0232558,arts,1,0.0232558,economics,2,0.037037,terrorism,2,0.0344828,design,4,0.025641,humor,1,0.027027,brain,0,0.0196078,film,1,0.047619,consciousness,0,0.0526316
society,0,0.0344828,humor,1,0.0222222,photography,1,0.0222222,gaming,1,0.037037,poetry,1,0.030303,globalissues,2,0.0243902,photography,1,0.0222222,healthcare,4,0.0188679,theater,1,0.0434783,mentalhealth,0,0.047619
design,4,0.0243902,writing,1,0.0212766,healthcare,4,0.0212766,politics,2,0.037037,writing,1,0.027027,brain,0,0.0232558,web,4,0.0212766,culture,0,0.0149254,invention,4,0.037037,tedx,0,0.037037
visualizations,4,0.0243902,culture,0,0.0120482,,,0.0149254,,,0.025641,,,0.0212766,,,0.0188679,,,0.0196078,,,0.0120482,,,0.0344828,,,0.0322581
